height1,weight1,reach1,ss1,ta1,stance1,age1,ssapm1,ssD1,tdD1,avg_sub1,height2,weight2,reach2,ss2,ta2,stance2,age2,sapm2,ssD2,tdD2,avg_sub2,outcome
67,145,69,45,0,1,27,3.35,57,100,1.3,66,145,71,43,0,1,36,3.44,55,100,0.2,1
73,185,72,44,0,1,33,6.38,46,100,0.0,72,185,73,54,0,1,34,3.45,56,100,0.0,0
66,135,68,43,45,1,33,2.37,63,86,0.3,64,135,64,37,14,1,37,3.29,57,55,0.2,1
72,185,75,44,21,1,31,3.46,39,100,3.0,72,185,75,61,0,0,33,4.1,56,79,0.0,1
64,115,65,51,100,0,37,4.21,62,67,0.7,64,115,63,38,33,1,31,4.09,49,0,1.3,1
66,135,69,48,0,1,37,2.53,46,0,0.0,67,135,68,54,100,0,29,1.38,52,100,1.6,0
75,205,81,45,0,1,28,6.77,40,100,0.0,74,205,75,60,0,1,26,6.39,55,100,0.0,0
74,170,79,51,0,0,29,3.65,57,100,0.0,72,170,72,43,0,1,31,6.91,49,100,0.0,1
72,170,72,63,60,1,27,2.17,63,0,0.0,68,170,74,37,100,1,31,4.93,37,40,0.0,1
66,125,69,35,66,1,35,3.76,52,63,0.6,63,125,65,48,37,0,27,2.6,65,34,0.4,0
74,185,75,36,0,1,28,3.58,49,50,0.9,73,185,77,51,50,1,36,3.69,64,100,0.4,0
67,145,71,57,0,1,33,3.52,76,100,0.3,71,145,74,24,0,1,34,4.11,43,100,0.3,1
72,185,75,24,0,1,34,4.47,61,100,0.0,75,185,75,39,0,0,28,5.01,76,100,0.0,0
73,185,74,44,0,1,37,3.15,43,67,0.0,75,185,75,57,33,1,32,5.3,56,100,0.5,0
69,155,71,51,0,1,30,5.16,46,50,0.0,70,155,73,54,50,0,38,3.83,49,100,0.0,0
72,185,73,54,100,1,35,4.6,55,100,1.6,75,185,71,45,0,1,34,2.9,46,0,0.0,1
72,170,74,66,0,1,32,2.22,49,100,0.3,73,170,78,51,0,2,31,5.95,34,100,0.0,0
69,155,71,35,16,1,25,4.23,61,0,0.0,70,155,73,39,100,1,29,2.53,65,84,0.0,0
61,115,61,51,50,1,28,2.48,56,50,0.1,66,115,65,44,50,1,31,3.92,49,50,0.0,1
75,205,74,53,100,1,36,3.3,59,100,0.0,72,205,75,41,0,1,34,3.24,47,0,0.1,1
69,170,74,37,50,2,38,1.31,51,50,0.8,71,170,76,49,50,1,39,3.81,63,50,0.3,0
74,205,76,65,0,1,36,2.73,66,100,0.0,75,205,76,34,0,1,32,5.81,35,100,0.0,0
69,145,70,54,33,2,34,2.16,68,100,2.0,67,135,67,32,0,1,32,3.79,46,67,0.6,1
74,185,76,22,0,1,36,3.36,41,100,1.3,75,185,75,59,0,1,29,3.26,78,100,1.5,0
71,155,72,54,50,1,35,3.8,62,50,0.6,68,155,70,38,50,0,36,4.23,46,50,0.1,1
75,170,78,28,0,1,34,3.33,55,100,0.5,71,170,70,45,0,1,40,2.94,72,100,0.0,1
69,170,72,63,0,1,34,3.03,58,100,0.0,75,170,75,42,0,1,28,4.61,37,100,0.8,1
67,115,68,37,0,1,28,6.55,54,0,0.0,64,115,62,46,100,1,34,4.94,63,100,0.6,0
69,125,70,54,33,2,33,3.15,77,72,0.6,67,125,70,23,28,0,29,5.23,46,67,0.5,1
69,170,71,0,0,2,28,12.83,34,100,0.0,73,170,77,66,0,1,33,1.67,100,100,0.0,0
70,145,73,59,66,1,29,1.57,65,100,0.5,68,145,68,35,0,2,34,4.15,41,34,0.6,1
66,125,69,48,66,1,31,3.63,73,80,0.6,67,125,66,27,20,1,31,4.54,52,34,1.7,1
70,155,69,41,0,1,28,3.29,64,67,0.0,69,155,70,36,33,0,29,7.7,59,100,0.0,1
75,205,77,52,0,1,29,4.17,33,84,0.0,73,264,74,67,16,0,29,3.79,48,100,0.7,1
75,170,80,55,50,1,37,2.42,33,34,0.3,73,170,73,67,66,1,33,3.33,45,50,1.0,1
70,185,75,54,0,1,37,6.58,50,100,0.0,73,185,74,50,0,1,34,5.67,46,100,0.1,1
68,145,70,42,0,0,30,2.91,57,71,0.4,67,145,72,43,29,1,30,2.89,58,100,0.2,0
66,135,70,62,0,1,28,3.93,59,56,0.0,66,135,64,41,44,1,33,4.98,38,100,0.0,1
69,145,69,38,0,2,29,4.31,53,67,0.6,74,145,78,47,33,1,32,4.0,62,100,0.5,0
68,135,70,42,0,0,30,5.41,66,100,0.0,71,135,72,34,0,2,28,4.19,58,100,0.0,1
65,115,67,29,0,1,32,2.65,42,0,1.9,65,115,63,58,100,1,29,3.12,71,100,1.0,0
75,155,78,50,100,1,28,3.41,89,100,3.6,73,170,76,11,0,1,32,3.38,50,0,0.5,1
67,125,68,77,40,1,35,4.03,52,100,0.4,67,125,65,48,0,1,36,7.03,23,60,0.0,1
67,125,68,42,25,1,34,5.2,48,0,5.4,67,125,71,52,100,2,34,2.0,58,75,1.0,1
75,205,75,67,0,1,32,2.25,67,100,0.0,78,205,82,33,0,1,32,2.83,33,100,0.9,1
68,155,71,43,0,0,36,4.26,43,0,1.0,68,155,71,57,100,0,41,3.18,57,100,1.7,0
69,135,69,41,0,2,31,3.99,59,85,1.0,66,135,69,41,15,1,32,3.61,59,100,0.4,1
72,185,77,48,0,1,35,3.72,56,75,0.2,70,185,72,44,25,1,32,4.17,52,100,0.0,0
75,240,77,45,0,1,45,3.2,64,100,0.2,76,260,78,36,0,1,33,4.02,55,100,0.0,0
71,170,71,54,63,1,29,3.18,60,50,3.1,73,170,75,40,50,2,32,4.21,46,37,0.4,1
68,135,69,52,33,1,34,2.52,66,100,0.8,67,135,69,34,0,1,32,3.49,48,67,0.0,1
66,135,73,43,0,0,32,2.37,58,69,0.4,68,135,71,42,31,1,27,2.44,57,100,0.6,0
69,155,70,52,0,1,31,4.78,40,100,0.0,75,155,73,60,0,0,24,9.45,48,100,0.0,1
74,170,74,52,66,0,34,2.34,66,80,0.4,71,170,72,34,20,1,37,2.98,48,34,0.2,1
69,125,68,54,0,0,33,3.05,40,43,1.5,65,125,67,60,57,1,35,3.9,46,100,1.0,0
72,170,75,64,0,1,42,3.03,23,80,0.0,73,170,77,77,20,1,31,2.41,36,100,1.8,0
71,155,76,59,0,1,41,4.41,36,75,0.9,70,155,73,64,25,1,30,3.7,41,100,1.6,0
70,145,70,0,0,0,31,1.63,80,100,1.6,66,145,70,20,0,1,40,4.61,100,100,0.1,0
75,205,76,62,0,1,37,4.07,42,50,0.0,72,205,76,58,50,1,38,3.51,38,100,0.3,0
65,135,67,58,0,1,31,4.78,53,100,0.0,69,135,68,47,0,1,37,6.33,42,100,0.2,0
66,135,66,68,0,2,39,4.64,52,100,0.7,68,135,65,48,0,1,34,3.91,32,100,0.0,0
66,125,69,41,0,1,28,6.3,50,0,0.7,66,125,67,50,100,1,31,4.23,59,100,0.4,0
67,125,70,58,100,0,34,3.3,26,100,2.1,67,125,67,74,0,0,34,2.89,42,0,0.3,1
71,145,74,55,0,1,35,4.11,60,100,0.3,71,145,71,40,0,1,34,5.32,45,100,0.0,1
76,265,77,40,0,1,34,5.7,50,100,0.3,76,265,78,50,0,1,35,0.93,60,100,1.8,0
68,135,67,46,66,1,28,3.73,40,100,0.2,69,135,67,60,0,1,34,2.79,54,34,0.1,1
70,155,72,55,0,0,30,5.25,66,100,0.0,72,155,74,34,0,1,31,4.49,45,100,0.1,1
70,185,73,45,0,1,34,3.3,54,22,1.1,73,185,78,46,78,0,35,1.99,55,100,1.2,0
74,170,75,57,50,1,32,5.1,61,100,0.8,72,170,71,39,0,1,35,6.38,43,50,0.0,1
66,125,66,40,0,2,36,7.39,60,100,0.0,67,125,66,40,0,1,30,3.43,60,100,2.6,0
72,155,75,59,0,0,33,2.4,40,80,0.7,70,155,71,60,20,0,29,2.99,41,100,0.5,1
66,135,67,50,50,1,25,3.64,62,0,0.0,66,135,68,38,100,1,37,2.48,50,50,0.6,1
67,125,70,76,0,1,25,1.15,50,100,2.4,68,125,67,50,0,1,32,4.54,24,100,0.3,1
61,115,58,22,11,1,35,4.8,57,100,0.0,62,115,62,43,0,1,30,4.63,78,89,0.0,1
70,155,72,25,0,0,36,2.65,47,100,0.9,67,155,72,53,0,1,29,1.91,75,100,0.0,0
70,155,71,57,0,1,39,3.74,45,100,0.3,75,155,77,55,0,0,30,4.63,43,100,1.2,0
68,135,71,48,0,1,38,3.65,40,43,0.3,65,135,68,60,57,1,38,3.46,52,100,1.6,0
70,170,72,58,100,1,33,3.55,44,100,1.2,69,170,71,56,0,0,34,3.23,42,0,0.1,1
68,155,69,50,66,0,36,4.51,68,82,0.7,67,155,70,32,18,1,44,3.01,50,34,0.6,1
72,185,75,52,57,1,34,3.29,58,100,0.7,71,185,72,42,0,0,33,4.55,48,43,0.0,1
66,135,65,86,80,1,39,2.98,73,100,1.3,67,135,68,27,0,1,37,2.86,14,20,0.3,1
76,185,77,80,0,2,31,6.56,25,0,9.8,72,185,72,75,100,1,31,2.51,20,100,1.1,0
69,155,70,100,0,1,37,3.4,0,50,0.0,69,155,70,100,50,1,32,1.53,0,100,1.5,1
75,205,77,61,25,1,29,5.9,43,100,0.5,75,185,75,57,0,0,29,5.01,39,75,0.0,1
72,170,72,64,100,1,29,4.17,37,0,0.8,72,170,77,63,100,1,32,6.68,36,0,0.2,0
64,125,64,42,50,0,30,4.1,51,67,0.4,67,125,66,49,33,1,35,3.53,58,50,0.0,1
75,185,76,42,0,1,38,2.86,26,0,1.6,74,185,75,74,100,1,30,3.6,58,100,1.7,0
72,170,79,40,0,1,26,3.6,62,100,0.0,71,170,73,38,0,1,31,2.56,60,100,0.6,1
73,155,74,33,0,0,26,3.59,25,100,2.2,69,155,71,75,0,0,30,1.84,67,100,1.1,1
69,135,74,41,20,0,29,2.89,48,100,0.6,70,135,70,52,0,2,27,3.12,59,80,0.6,0
62,115,62,47,16,1,33,4.38,62,100,0.3,63,125,66,38,0,1,32,3.33,53,84,0.8,0
73,170,71,51,0,0,32,3.18,60,30,0.0,70,170,74,40,70,1,27,1.52,49,100,1.6,0
68,145,72,40,100,1,30,2.62,13,75,0.8,72,145,71,87,25,2,33,3.35,60,0,0.8,1
66,135,64,36,50,1,39,3.55,42,50,0.8,72,135,71,58,50,1,30,1.73,64,50,0.6,0
76,265,79,39,30,1,30,4.01,43,100,0.5,76,250,78,57,0,0,31,1.87,61,70,0.0,1
71,145,73,68,0,1,30,1.83,56,0,0.0,68,145,69,44,100,1,30,2.84,32,100,0.6,0
65,135,66,56,25,2,31,1.18,53,100,0.0,68,135,67,47,0,1,31,3.83,44,75,0.7,1
69,125,70,66,0,2,34,3.15,59,87,0.6,68,125,69,41,13,1,29,3.35,34,100,0.7,0
75,205,80,56,33,1,33,5.17,38,100,0.3,76,205,79,62,0,1,38,3.65,44,67,0.4,0
77,256,78,71,0,1,32,2.77,86,100,1.7,75,257,84,14,0,0,33,4.61,29,100,0.0,1
64,115,63,42,0,1,32,4.09,51,100,1.3,61,115,62,49,0,1,34,5.36,58,100,0.4,0
71,145,72,72,0,1,31,4.91,42,100,5.3,68,145,70,58,0,1,35,1.54,28,100,1.9,1
64,125,67,55,16,1,29,3.61,41,88,0.0,68,125,68,59,12,1,30,3.57,45,84,1.0,0
61,115,61,37,0,1,30,4.86,56,100,0.2,62,115,61,44,0,1,32,3.76,63,100,1.1,0
74,155,73,28,0,1,31,3.12,38,0,0.9,67,155,66,62,100,0,33,2.01,72,100,1.6,0
69,155,68,54,0,1,37,3.4,39,100,0.0,68,155,72,61,0,1,41,3.97,46,100,0.0,1
69,145,70,42,0,2,28,4.93,30,100,0.3,70,145,74,70,0,1,36,3.79,58,100,0.2,0
75,260,79,51,0,1,40,2.48,33,60,0.0,75,205,79,67,40,1,34,0.52,49,100,2.4,0
71,170,74,46,0,1,41,3.43,58,40,0.1,73,170,72,42,60,1,28,5.25,54,100,3.8,1
74,246,80,45,0,1,33,4.76,51,100,0.7,78,260,81,49,0,1,33,3.84,55,100,0.0,1
74,185,78,35,0,1,35,5.36,51,100,0.0,70,185,75,49,0,0,32,1.98,65,100,0.5,0
72,155,73,25,0,1,34,4.79,52,100,2.2,70,155,72,48,0,1,28,5.05,75,100,0.0,0
74,205,77,30,50,1,28,2.65,53,100,1.0,75,205,78,47,0,2,31,3.87,70,50,0.0,1
63,115,64,63,55,1,40,4.94,54,67,0.1,62,115,63,46,33,1,26,3.66,37,45,0.8,1
70,155,73,40,37,1,32,2.64,46,0,0.0,69,155,73,54,100,1,30,0.87,60,63,0.0,1
66,145,71,66,0,1,37,3.44,18,100,0.2,70,155,70,82,0,0,34,1.27,34,100,1.0,0
74,185,75,54,33,1,31,3.46,46,100,2.7,72,170,76,54,0,2,38,2.74,46,67,0.1,1
72,185,76,72,0,0,33,7.15,25,100,2.3,71,185,72,75,0,1,34,4.21,28,100,0.9,1
67,135,68,33,0,0,29,2.95,55,100,0.0,68,135,70,45,0,1,33,2.13,67,100,1.4,0
67,125,70,42,50,1,25,1.19,31,0,1.3,67,125,66,69,100,0,39,2.66,58,50,1.0,1
69,145,73,46,100,2,31,4.07,38,43,1.0,69,155,70,62,57,2,30,4.37,54,0,0.0,0
69,185,76,38,50,1,39,4.32,57,50,0.0,74,185,79,43,50,1,30,2.01,62,50,0.4,0
72,155,69,53,0,2,30,5.61,49,100,0.4,70,155,70,51,0,1,36,7.28,47,100,0.0,0
69,145,70,59,44,1,31,4.66,31,72,0.0,66,145,69,69,28,1,32,4.22,41,56,0.5,1
71,145,75,50,75,1,39,4.34,50,50,0.1,69,145,71,50,50,1,32,4.33,50,25,0.4,1
64,125,68,52,33,1,39,4.96,60,50,0.6,64,125,64,40,50,1,37,4.52,48,67,0.1,1
67,135,70,27,0,1,32,5.73,38,100,0.0,68,135,70,62,0,0,31,3.76,73,100,0.1,0
73,185,73,33,0,1,32,3.74,100,100,0.6,72,185,73,0,0,2,34,3.03,67,100,2.5,1
67,145,71,51,50,1,28,2.46,59,100,1.4,68,135,67,41,0,0,25,3.24,49,50,0.8,1
70,145,71,33,62,1,41,3.27,70,0,1.1,69,145,72,30,100,2,35,2.89,67,38,1.3,1
65,135,65,48,66,1,28,1.2,49,63,0.0,67,135,67,51,37,1,34,1.4,52,34,0.5,0
69,145,70,100,0,1,29,42.0,34,100,0.0,70,155,73,66,0,2,31,2.51,0,100,1.0,0
68,135,67,44,25,1,35,3.55,46,100,0.9,67,135,68,54,0,1,34,3.2,56,75,0.0,0
67,115,69,37,0,0,38,4.13,45,0,0.6,62,115,63,55,100,1,31,7.98,63,100,0.0,0
70,155,71,63,0,1,39,3.74,100,100,0.3,70,155,72,0,0,2,31,2.27,37,100,1.5,1
70,170,76,38,50,0,31,3.31,72,50,0.0,71,170,72,28,50,1,35,4.17,62,50,0.3,1
72,155,70,22,0,0,36,4.1,44,100,0.4,68,155,70,56,0,0,37,4.23,78,100,0.1,0
69,145,72,48,0,1,33,4.9,55,0,0.1,72,145,73,45,100,2,36,4.41,52,100,0.1,0
67,115,68,37,100,1,29,6.55,48,84,0.0,63,115,64,52,16,1,40,5.55,63,0,0.2,0
66,125,71,42,0,1,26,6.25,18,100,0.0,70,125,72,82,0,1,34,4.29,58,100,0.3,0
62,115,59,47,0,1,37,5.06,47,17,0.7,61,115,62,53,83,1,32,2.4,53,100,0.8,1
68,155,71,56,0,2,32,4.97,60,84,0.0,70,155,70,40,16,0,35,3.17,44,100,0.2,0
70,145,70,57,33,0,31,1.63,68,100,1.6,67,145,71,32,0,1,34,3.52,43,67,0.3,1
66,115,65,68,100,1,38,2.89,60,84,0.2,63,115,62,40,16,1,39,4.19,32,0,0.7,1
70,170,67,49,0,2,28,4.61,44,50,0.9,73,170,77,56,50,1,31,3.73,51,100,0.6,0
69,145,69,88,0,2,30,4.31,100,34,0.6,69,145,72,0,66,1,30,3.78,12,100,0.7,1
74,170,75,72,0,1,41,3.65,51,0,0.2,72,170,74,49,100,1,31,6.26,28,100,0.0,1
72,185,72,50,100,1,31,2.51,29,67,1.1,69,185,73,71,33,1,30,2.49,50,0,0.5,1
75,230,78,47,0,1,37,5.08,56,67,0.6,74,239,79,44,33,1,36,3.96,53,100,0.0,0
66,135,68,55,0,1,27,4.53,63,40,0.8,68,135,68,37,60,1,36,4.0,45,100,0.0,0
70,155,71,46,0,1,35,2.95,65,100,0.4,73,155,77,35,0,2,26,4.79,54,100,0.3,0
73,145,76,34,0,1,29,5.81,56,100,0.0,71,145,71,44,0,2,34,4.56,66,100,0.7,0
63,115,63,23,0,1,33,3.06,33,0,0.0,62,115,61,67,100,1,32,3.76,77,100,1.1,0
76,185,76,32,0,1,31,2.63,42,100,1.4,72,185,75,58,0,0,34,4.1,68,100,0.0,0
65,125,65,48,0,1,32,2.79,63,80,0.3,67,125,68,37,20,1,36,4.03,52,100,0.4,1
71,155,73,36,0,1,39,10.91,41,100,0.0,72,155,72,59,0,1,30,5.42,64,100,0.0,0
63,115,60,63,75,1,29,1.33,73,100,0.0,60,115,64,27,0,0,32,4.93,37,25,0.0,1
73,185,76,52,0,1,34,4.33,66,100,0.2,76,185,80,34,0,2,36,3.11,48,100,0.1,1
79,250,80,65,0,1,37,3.0,59,100,0.2,74,264,75,41,0,0,32,4.98,35,100,0.0,1
72,264,74,78,0,0,32,5.93,50,100,0.0,78,245,80,50,0,1,38,2.85,22,100,0.0,1
76,205,78,33,0,1,29,2.48,45,100,0.0,75,205,79,55,0,1,34,2.53,67,100,0.9,0
67,145,69,43,100,1,33,3.95,40,100,0.6,67,145,68,60,0,2,32,3.07,57,0,0.0,1
68,155,68,44,0,1,40,4.15,51,100,0.0,72,155,74,49,0,1,31,4.49,56,100,0.1,0
70,155,72,45,0,0,30,5.25,59,100,0.0,69,155,70,41,0,0,30,7.7,55,100,0.0,1
71,170,76,46,0,2,37,2.17,54,84,0.0,69,170,72,46,16,1,35,3.03,54,100,0.0,0
68,145,72,25,0,1,32,5.46,67,50,0.0,71,145,71,33,50,1,35,6.88,75,100,2.4,0
71,170,70,66,0,2,35,6.02,50,0,0.0,74,170,75,50,100,1,32,5.1,34,100,0.8,0
76,245,81,69,0,1,35,2.19,75,100,0.5,75,260,78,25,0,1,30,3.79,31,100,0.5,1
65,125,65,40,0,1,33,3.53,75,100,0.6,67,125,65,25,0,1,35,3.31,60,100,0.0,0
74,205,75,56,100,1,36,3.92,68,100,0.1,75,205,76,32,0,1,33,5.81,44,0,0.0,1
69,135,69,38,0,1,30,4.22,41,100,0.0,72,145,73,59,0,0,28,1.49,62,100,0.7,0
68,145,68,21,0,1,29,6.75,47,100,0.0,68,145,69,53,0,1,30,2.34,79,100,0.0,0
66,135,68,36,18,1,29,5.6,49,100,0.0,66,135,73,51,0,0,33,2.37,64,82,0.4,0
74,170,78,42,0,1,30,9.47,47,40,0.0,70,170,74,53,60,1,32,6.88,58,100,0.2,0
68,135,70,42,62,1,30,3.36,49,100,0.3,67,135,67,51,0,1,36,1.2,58,38,0.0,0
68,135,71,66,40,1,28,2.44,13,100,0.6,65,135,67,87,0,1,30,2.75,34,60,0.8,1
68,135,72,15,0,1,42,7.4,43,100,0.0,68,135,70,57,0,1,28,2.6,85,100,0.0,0
77,205,79,31,0,1,34,3.91,39,67,1.5,76,205,76,61,33,1,37,4.47,69,100,0.6,0
70,145,73,36,0,0,37,2.93,54,100,0.7,72,145,74,46,0,1,37,3.44,64,100,0.2,0
67,135,68,63,100,0,30,1.38,78,100,1.6,67,135,67,22,0,1,33,3.79,37,0,0.6,1
64,125,66,47,0,1,26,3.32,64,100,1.2,66,125,68,36,0,1,32,2.64,53,100,1.1,1
75,240,75,61,0,1,29,1.86,78,100,0.0,72,265,75,22,0,1,40,6.32,39,100,0.5,1
76,260,78,33,0,1,34,4.02,37,100,0.0,76,236,78,63,0,1,33,3.46,67,100,0.6,1
66,135,70,58,0,1,29,3.93,52,100,0.0,67,135,69,48,0,1,28,3.94,42,100,0.0,1
72,185,74,61,100,0,30,4.17,50,100,0.0,75,170,80,50,0,1,37,3.19,39,0,0.3,1
72,170,71,50,0,1,35,6.38,57,100,0.0,71,170,74,43,0,1,28,6.83,50,100,0.0,1
72,170,71,32,0,0,25,5.12,53,100,0.0,70,170,72,47,0,2,27,4.3,68,100,0.0,0
71,145,73,39,0,1,31,2.93,52,0,0.5,72,145,74,48,100,1,33,3.02,61,100,0.0,0
71,135,72,71,0,2,31,3.51,52,100,0.4,67,145,71,48,0,1,36,2.41,29,100,0.8,1
64,115,63,75,85,2,36,3.44,62,100,0.4,64,115,65,38,0,0,38,4.21,25,15,0.7,1
69,135,69,57,20,2,32,3.99,49,43,1.0,70,135,72,51,57,2,31,4.09,43,80,0.8,1
66,135,65,45,0,1,39,6.14,44,100,0.5,68,135,70,56,0,2,33,5.16,55,100,0.9,0
73,185,74,60,0,1,38,3.15,60,100,0.0,74,185,78,40,0,1,41,3.27,40,100,0.8,1
75,185,75,83,50,1,33,5.3,72,100,0.5,73,185,77,28,0,1,37,6.15,17,50,0.0,1
71,155,70,51,0,1,39,4.44,59,67,1.1,70,155,71,41,33,1,34,3.37,49,100,0.0,1
70,135,71,61,0,1,38,4.73,49,100,0.3,66,135,64,51,0,1,34,4.98,39,100,0.0,0
73,185,77,51,33,0,38,3.5,57,60,1.5,72,185,73,43,40,2,34,3.03,49,67,2.5,0
68,145,70,49,50,1,42,3.84,47,100,0.4,68,145,73,53,0,1,34,3.37,51,50,0.0,1
65,115,67,40,33,1,33,2.65,59,0,1.9,63,115,66,41,100,1,23,3.23,60,67,0.4,0
73,185,76,50,66,1,33,5.25,47,100,0.3,72,185,77,53,0,1,31,4.11,50,34,0.0,1
76,185,76,38,0,1,31,2.63,74,34,1.4,74,185,80,26,66,1,37,3.92,62,100,0.1,1
65,135,67,13,0,1,29,3.02,47,100,2.3,68,135,69,53,0,1,35,2.52,87,100,0.8,0
70,155,73,63,0,2,31,2.51,80,100,1.0,70,155,70,20,0,1,36,7.28,37,100,0.0,1
69,145,72,28,0,1,26,4.07,34,0,0.7,67,145,71,66,100,1,29,0.42,72,100,0.0,0
76,265,77,62,100,1,34,5.7,58,100,0.3,76,265,79,42,0,1,36,4.81,38,0,0.2,1
70,135,72,60,50,2,31,4.09,34,100,0.8,72,135,71,66,0,1,30,1.73,40,50,0.6,1
67,125,66,32,0,1,29,4.75,40,100,1.8,66,135,67,60,0,1,25,3.64,68,100,0.0,0
71,135,70,40,100,2,33,3.4,82,50,0.3,68,135,71,18,50,1,38,3.65,60,0,0.3,1
61,115,62,37,0,1,34,5.36,54,0,0.4,65,115,66,46,100,0,35,1.38,63,100,0.9,0
75,205,76,30,0,1,37,4.07,78,100,0.0,77,205,83,22,0,0,33,4.27,70,100,0.3,1
66,145,66,0,100,0,39,4.18,100,100,1.5,71,145,72,0,0,1,31,4.91,100,0,5.3,0
73,205,74,50,0,1,30,4.26,45,100,0.0,74,205,75,55,0,1,34,2.75,50,100,0.0,0
75,155,75,30,0,1,28,4.36,49,40,0.4,67,155,72,51,60,0,30,3.53,70,100,0.0,0
67,135,67,39,27,1,38,5.03,62,75,0.4,68,135,72,38,25,1,30,3.36,61,73,0.6,0
69,170,74,37,60,2,39,1.31,74,100,0.8,72,170,76,26,0,1,38,2.44,63,40,0.8,0
70,145,70,53,0,1,37,5.61,62,77,1.2,71,145,71,38,23,2,37,3.46,47,100,1.6,1
67,125,67,44,66,0,34,2.89,69,100,0.3,67,125,70,31,0,0,29,3.2,56,34,2.2,1
74,145,78,56,80,1,33,4.0,64,100,0.5,69,145,70,36,0,2,28,4.93,44,20,0.3,1
67,125,73,22,0,0,33,4.41,35,60,0.3,64,125,65,65,40,1,31,0.49,78,100,3.7,0
69,155,72,51,0,0,36,4.3,38,100,1.2,71,155,70,62,0,1,37,7.5,49,100,0.0,0
76,205,79,76,0,1,38,3.65,36,63,0.4,74,205,78,64,37,1,42,2.91,24,100,0.3,1
70,155,71,63,0,1,39,3.74,57,100,0.3,71,155,76,43,0,1,41,4.41,37,100,0.9,1
73,170,75,36,0,0,38,1.7,44,100,1.0,75,170,81,56,0,1,33,3.22,64,100,0.5,0
72,170,74,20,0,1,33,2.22,73,0,0.3,73,170,72,27,100,1,28,5.25,80,100,3.8,0
67,125,70,45,0,0,29,6.05,40,100,0.0,66,125,68,60,0,1,34,5.01,55,100,0.2,0
72,185,75,76,0,0,34,4.1,46,100,0.0,73,185,77,54,0,1,33,3.34,24,100,0.0,1
71,170,73,59,0,1,31,2.56,44,67,0.6,69,155,71,56,33,1,31,5.16,41,100,0.0,1
73,170,71,53,100,0,32,3.18,57,100,0.0,73,170,75,43,0,2,33,4.21,47,0,0.4,1
67,125,65,47,0,1,37,7.03,30,67,0.0,63,125,65,70,33,0,28,2.6,53,100,0.4,0
77,256,78,72,0,1,32,2.77,74,100,1.7,75,249,78,26,0,1,40,3.35,28,100,0.1,1
64,115,62,37,0,1,35,4.94,69,0,0.6,67,125,66,31,100,1,32,4.54,63,100,1.7,0
71,145,74,38,0,1,35,4.11,44,50,0.3,66,145,69,56,50,1,32,4.22,62,100,0.5,0
73,185,78,60,100,0,35,1.99,52,0,1.2,75,185,76,48,100,1,38,2.86,40,0,1.6,0
73,155,75,53,20,1,28,2.01,64,100,0.0,73,155,77,36,0,1,37,3.15,47,80,0.0,1
70,145,73,38,0,1,31,3.29,46,40,0.4,69,145,73,54,60,1,34,2.4,62,100,0.9,0
68,135,69,32,0,1,40,3.82,66,0,0.2,67,135,69,34,100,1,32,4.0,68,100,0.0,0
73,170,74,33,0,0,38,3.73,50,100,0.2,69,170,69,50,0,1,34,4.89,67,100,0.0,0
75,155,77,56,0,1,32,3.37,57,34,1.3,70,155,73,43,66,1,32,2.64,44,100,0.0,1
75,205,77,26,0,1,30,4.17,40,100,0.0,76,265,79,60,0,1,30,4.01,74,100,0.5,0
72,185,72,34,0,0,36,4.74,45,19,0.3,74,185,75,55,81,1,35,2.57,66,100,0.2,0
68,135,68,45,100,1,34,3.92,57,100,0.6,67,135,66,43,0,1,34,3.75,55,0,0.1,1
70,155,71,41,50,1,32,3.74,65,100,0.0,69,155,68,35,0,1,30,5.35,59,50,0.0,1
66,115,65,62,66,1,32,3.92,63,100,0.0,65,115,65,37,0,2,32,3.73,38,34,0.0,1
67,125,68,38,25,1,32,2.31,40,100,2.0,66,125,66,60,0,1,37,5.32,62,75,1.6,1
70,155,69,66,0,1,23,3.83,58,100,0.8,68,155,71,42,0,2,35,4.96,34,100,0.0,1
71,185,75,40,50,1,36,3.01,48,100,0.6,70,185,73,52,0,1,34,3.3,60,50,1.1,0
68,135,68,36,33,0,35,3.06,39,0,0.0,67,135,67,61,100,1,35,1.99,64,67,0.0,0
70,155,73,42,40,2,31,2.51,47,100,1.0,70,155,69,53,0,0,31,5.72,58,60,0.3,0
68,145,72,33,33,1,31,3.25,41,100,0.2,69,145,70,59,0,0,33,3.06,67,67,0.0,0
65,115,67,27,100,1,26,2.45,67,100,0.0,64,115,66,33,0,1,33,4.84,73,0,0.0,1
70,155,71,45,37,0,29,2.99,72,100,0.5,70,145,70,28,0,1,31,4.86,55,63,0.0,1
70,155,72,49,100,2,28,5.0,73,100,0.4,69,155,72,27,0,1,33,7.16,51,0,0.4,1
67,125,70,24,18,0,30,5.23,62,100,0.5,67,125,68,38,0,1,42,4.97,76,82,0.0,1
67,155,69,34,0,1,36,1.85,61,58,0.0,69,155,72,39,42,2,35,4.73,66,100,0.0,0
68,135,67,25,0,1,38,4.59,43,34,0.0,65,135,66,57,66,2,31,1.18,75,100,0.0,0
71,145,71,50,0,1,33,4.07,32,42,0.7,66,145,71,68,58,1,37,3.44,50,100,0.2,0
67,125,70,60,50,1,32,3.4,53,46,0.5,65,125,67,47,54,1,35,3.9,40,50,1.0,0
72,155,75,63,0,2,35,4.76,44,67,0.4,75,155,77,56,33,0,30,4.63,37,100,1.2,1
73,185,76,70,0,0,29,0.55,78,100,13.8,68,170,74,22,0,1,32,4.93,30,100,0.0,1
72,170,76,28,0,1,36,5.6,20,100,0.7,71,170,74,80,0,0,43,4.67,72,100,0.0,0
67,125,71,65,0,1,29,4.26,22,34,1.3,67,125,70,78,66,1,25,1.15,35,100,2.4,0
62,115,63,85,0,1,26,3.66,100,100,0.8,63,115,64,0,0,1,26,4.87,15,100,0.0,1
72,205,76,58,0,1,38,3.51,51,80,0.3,74,205,74,49,20,1,29,3.04,42,100,2.0,1
75,205,74,62,0,1,37,3.3,46,34,0.0,74,205,77,54,66,1,28,2.65,38,100,1.0,0
70,135,74,42,50,1,36,8.85,44,0,0.0,68,135,67,56,100,0,25,3.24,58,50,0.8,0
64,125,62,66,0,1,29,1.03,34,100,1.8,66,125,66,66,0,2,36,7.39,34,100,0.0,1
70,155,75,52,21,2,31,5.87,44,0,1.2,70,155,69,56,100,1,29,3.4,48,79,0.5,0
74,185,78,46,50,1,35,5.36,57,100,0.0,73,185,76,43,0,1,34,4.33,54,50,0.2,0
70,155,74,46,0,1,34,2.44,48,40,0.0,70,155,72,52,60,2,31,2.27,54,100,1.5,0
71,170,76,35,0,1,40,3.81,57,0,0.3,72,170,79,43,100,1,26,3.6,65,100,0.0,0
65,125,69,45,0,1,29,3.13,56,0,0.3,66,125,67,44,100,1,31,4.23,55,100,0.4,0
77,185,76,66,100,1,32,2.34,40,100,0.0,70,185,72,60,0,1,33,4.17,34,0,0.0,1
69,170,77,37,0,1,33,3.6,36,100,0.8,72,170,74,64,0,1,34,2.16,63,100,0.3,0
73,145,73,50,0,0,36,6.62,27,0,4.2,68,145,72,73,100,1,30,2.62,50,100,0.8,0
66,135,68,60,0,1,36,3.03,50,0,0.1,65,135,67,50,100,1,31,4.78,40,100,0.0,0
70,155,72,49,28,1,28,5.05,48,67,0.0,71,155,72,52,33,1,33,4.53,51,72,0.0,1
68,125,70,35,33,0,31,2.73,53,67,2.0,66,125,69,47,33,1,32,3.63,65,67,0.6,0
74,262,75,55,66,0,35,2.2,60,100,0.9,71,250,73,40,0,0,39,4.2,45,34,0.1,1
66,145,70,28,0,1,40,4.61,56,0,0.1,67,145,69,44,100,1,28,3.35,72,100,1.3,0
63,125,66,47,66,1,32,3.33,35,100,0.8,65,125,65,65,0,2,27,2.72,53,34,0.1,0
71,145,74,50,0,1,31,5.48,47,50,0.3,69,145,70,53,50,1,29,6.03,50,100,1.2,1
75,170,80,53,50,1,35,4.32,56,100,0.4,75,170,80,44,0,1,38,2.42,47,50,0.3,0
72,170,72,52,0,1,29,4.17,53,0,0.8,75,170,78,47,100,1,35,3.33,48,100,0.5,0
71,155,69,35,0,1,35,5.31,44,0,0.0,67,155,66,56,100,0,33,2.01,65,100,1.6,0
65,115,63,34,25,1,30,3.12,69,63,1.0,61,115,61,31,37,1,30,4.86,66,75,0.2,0
69,155,70,40,0,2,30,4.37,40,67,0.0,67,145,69,60,33,1,33,3.95,60,100,0.6,0
70,145,74,36,16,1,36,3.79,51,0,0.2,67,145,68,49,100,2,32,3.07,64,84,0.0,0
74,185,79,77,0,1,30,2.01,70,50,0.4,72,185,72,30,50,1,31,2.51,23,100,1.1,1
72,185,74,50,100,0,32,4.24,42,34,0.5,71,185,77,58,66,2,41,4.13,50,0,0.0,0
67,155,72,69,80,1,29,1.91,44,100,0.0,68,155,69,56,0,0,36,4.51,31,20,0.7,1
68,145,70,77,66,1,35,1.54,50,100,1.9,71,145,71,50,0,1,34,5.32,23,34,0.0,1
70,155,73,76,0,2,30,3.76,50,100,0.0,69,155,70,50,0,1,32,4.78,24,100,0.0,1
71,170,74,61,40,1,41,3.43,36,0,0.1,71,170,70,64,100,1,41,2.94,39,60,0.0,1
64,125,67,71,0,1,29,3.61,63,100,0.0,67,125,68,37,0,1,35,5.2,29,100,5.4,1
68,125,67,43,28,1,32,4.54,56,60,0.3,66,125,69,44,40,1,33,6.42,57,72,0.0,1
66,125,66,48,0,0,32,2.7,43,70,0.0,69,125,71,57,30,1,24,1.86,52,100,0.7,0
74,205,76,57,20,1,37,2.73,50,100,0.0,75,205,78,50,0,2,31,3.87,43,80,0.0,0
69,135,68,28,0,1,37,6.33,47,54,0.2,68,135,69,53,46,1,37,2.62,72,100,0.7,0
70,155,72,42,0,0,36,2.65,28,100,0.9,70,155,74,72,0,1,36,3.19,58,100,2.7,0
73,170,73,46,100,1,34,3.33,68,100,1.0,73,170,77,32,0,0,36,5.13,54,0,0.0,1
69,145,72,37,0,1,37,5.58,53,100,1.1,67,145,71,47,0,1,34,3.52,63,100,0.3,0
73,185,75,49,9,0,38,4.39,51,100,0.1,73,185,74,49,0,1,35,5.67,51,91,0.1,0
63,125,65,49,0,0,28,2.6,58,0,0.4,67,125,68,42,100,1,36,4.03,51,100,0.4,0
71,145,71,46,0,2,34,4.56,63,100,0.7,68,145,68,37,0,2,35,4.15,54,100,0.6,1
68,125,68,38,75,1,30,3.57,54,67,1.0,65,125,68,46,33,1,33,3.29,62,25,0.2,1
66,115,69,38,40,1,29,5.76,50,50,0.0,67,115,68,50,50,1,29,6.55,62,60,0.0,0
64,125,69,34,100,1,32,3.24,71,89,0.0,65,125,68,29,11,1,32,3.07,66,0,0.7,0
67,145,69,48,27,1,40,3.18,40,50,1.7,70,145,73,60,50,0,37,2.93,52,73,0.7,0
70,145,73,14,0,1,33,7.83,40,100,0.0,68,155,71,60,0,0,42,3.18,86,100,1.7,0
68,125,70,48,100,2,34,3.99,51,15,0.0,67,125,66,49,85,0,39,2.66,52,0,1.0,0
69,135,71,46,12,1,32,2.66,46,25,1.8,67,135,67,54,75,1,30,5.12,54,88,0.0,0
78,260,81,28,0,1,33,3.84,58,100,0.0,75,240,77,42,0,1,46,3.2,72,100,0.2,1
66,135,71,45,50,2,34,4.99,62,100,0.2,67,135,68,38,0,0,29,2.95,55,50,0.0,1
72,155,74,54,37,1,31,4.49,60,100,0.1,69,145,70,40,0,1,31,4.66,46,63,0.0,0
70,135,72,48,50,2,31,4.09,57,75,0.8,67,135,71,43,25,1,32,7.07,52,50,0.6,1
75,205,78,51,0,1,41,2.27,58,67,0.0,74,205,78,42,33,1,40,3.73,49,100,0.0,0
63,115,64,61,0,1,40,4.94,40,67,0.1,64,115,63,60,33,1,32,4.09,39,100,1.3,0
72,185,75,71,40,1,32,3.46,42,0,3.0,74,185,75,58,100,1,28,4.13,29,60,0.6,1
62,115,61,53,33,1,32,3.76,59,100,1.1,62,115,63,41,0,1,31,7.98,47,67,0.0,1
70,170,76,29,66,0,31,3.31,57,100,0.0,72,170,74,43,0,1,31,6.26,71,34,0.0,1
70,155,73,55,0,0,39,3.83,58,100,0.0,69,155,74,42,0,1,40,3.42,45,100,0.7,0
62,115,59,30,0,1,37,5.06,42,100,0.7,63,115,64,58,0,1,40,5.55,70,100,0.2,0
75,170,75,62,100,1,29,4.61,50,100,0.8,71,170,71,50,0,2,31,4.02,38,0,0.0,1
70,230,73,63,28,1,43,2.93,56,100,0.3,74,246,80,44,0,1,33,4.76,37,72,0.7,0
73,155,74,60,10,0,26,3.59,44,50,2.2,70,155,72,56,50,1,28,7.93,40,90,0.0,1
70,170,73,63,33,0,35,3.73,42,63,0.0,73,170,77,58,37,1,34,1.67,37,67,0.0,0
75,205,79,57,50,1,34,0.52,100,100,2.4,74,242,78,0,0,1,37,3.15,43,50,0.0,1
76,205,76,41,33,1,37,4.47,53,0,0.6,78,205,82,47,100,1,33,2.83,59,67,0.9,0
75,185,75,55,0,0,29,5.01,39,100,0.0,76,205,77,61,0,1,35,3.59,45,100,0.3,0
74,170,75,45,100,1,41,3.65,65,100,0.2,71,170,72,35,0,1,35,4.17,55,0,0.3,0
72,170,75,73,0,1,44,2.92,75,0,1.3,71,170,75,25,100,1,41,3.68,27,100,0.4,1
75,235,79,42,10,1,35,1.8,66,100,0.0,76,250,78,34,0,1,36,6.65,58,90,0.0,1
70,170,73,50,0,2,32,6.95,67,100,0.3,73,170,77,33,0,1,31,3.73,50,100,0.6,0
65,135,64,43,14,1,38,3.51,50,50,0.3,67,135,67,50,50,1,34,1.4,57,86,0.5,0
67,145,71,64,26,1,36,2.41,44,63,0.8,64,135,64,56,37,1,38,3.29,36,74,0.2,1
71,170,72,46,0,1,37,3.64,45,100,0.2,70,170,71,55,0,1,39,3.34,54,100,0.5,1
65,115,63,72,0,1,36,3.56,63,100,0.0,61,115,62,37,0,1,34,5.36,28,100,0.4,1
67,145,72,68,57,1,31,2.89,47,100,0.2,71,145,72,53,0,1,31,4.91,32,43,5.3,1
69,145,69,47,0,2,30,4.31,44,100,0.6,69,145,70,56,0,0,37,6.82,53,100,0.5,1
68,155,70,33,0,0,37,4.23,54,100,0.1,69,155,71,46,0,1,35,3.57,67,100,0.9,0
72,205,75,62,25,1,35,3.24,24,100,0.1,77,205,83,76,0,0,33,4.27,38,75,0.3,0
72,170,77,45,0,1,31,5.33,29,100,0.0,71,170,74,71,0,1,28,6.83,55,100,0.0,1
63,115,64,62,42,1,37,3.03,47,100,1.0,66,115,65,53,0,1,38,2.89,38,58,0.2,1
72,265,75,67,0,1,40,6.32,52,100,0.5,71,257,72,48,0,1,35,11.54,33,100,0.0,1
72,185,77,60,0,1,36,3.72,40,100,0.2,72,185,76,60,0,0,33,7.15,40,100,2.3,0
76,185,80,70,50,1,30,3.08,42,0,0.8,73,185,77,58,100,1,33,3.34,30,50,0.0,0
66,135,69,43,22,1,33,3.61,54,100,0.4,68,135,67,46,0,1,28,3.73,57,78,0.2,0
70,185,75,61,50,0,32,1.98,54,100,0.5,72,185,74,46,0,0,30,4.17,39,50,0.0,1
72,185,72,68,0,1,31,2.51,34,86,1.1,72,185,73,66,14,1,36,4.6,32,100,1.6,0
73,145,74,62,0,0,36,6.35,32,100,0.6,73,145,76,68,0,1,29,5.81,38,100,0.0,0
72,170,72,39,12,1,32,6.91,49,50,0.0,77,170,77,51,50,1,30,3.95,61,88,0.8,0
75,230,78,45,0,1,37,5.08,45,100,0.6,76,265,77,55,0,1,34,5.7,55,100,0.3,0
69,125,70,51,0,2,34,3.15,44,39,0.6,67,125,67,56,61,0,34,2.89,49,100,0.3,0
68,135,67,40,0,1,35,3.55,63,100,0.9,66,135,68,37,0,1,37,2.48,60,100,0.6,1
68,135,69,47,0,1,35,2.52,72,100,0.8,65,135,67,28,0,1,36,2.57,53,100,0.3,1
68,135,67,42,25,0,33,3.17,27,100,0.0,67,125,66,73,0,1,35,3.53,58,75,0.0,0
75,257,84,42,0,0,33,4.61,75,100,0.0,76,265,80,25,0,1,34,1.89,58,100,0.0,1
63,115,66,44,80,1,23,3.23,80,100,0.4,64,125,67,20,0,2,37,3.7,56,20,0.0,1
73,170,75,54,0,2,33,4.21,53,40,0.4,69,170,74,47,60,2,39,1.31,46,100,0.8,0
70,155,71,56,0,1,35,2.95,82,100,0.4,72,155,70,18,0,0,36,4.1,44,100,0.4,1
70,135,75,42,0,0,33,1.41,67,100,0.3,66,135,67,33,0,1,41,1.77,58,100,1.9,1
65,135,67,48,0,1,31,4.78,60,0,0.0,67,135,67,40,100,1,35,1.99,52,100,0.0,0
75,240,75,36,0,1,29,1.86,76,84,0.0,74,239,79,24,16,1,36,3.96,64,100,0.0,0
69,145,72,11,40,1,26,4.07,66,100,0.7,72,145,73,34,0,0,28,1.49,89,60,0.7,0
67,135,70,30,100,1,36,4.21,45,58,0.0,68,135,71,55,42,1,26,3.65,70,0,0.3,0
71,145,69,56,0,1,34,4.75,67,100,0.3,68,145,70,33,0,0,31,2.91,44,100,0.4,1
70,145,70,45,0,1,37,5.61,37,100,1.2,71,145,75,63,0,1,39,4.34,55,100,0.1,0
70,205,71,52,20,0,36,3.12,52,84,0.0,75,205,76,48,16,1,37,4.07,48,80,0.0,1
73,205,75,75,100,0,32,3.29,69,100,0.0,74,205,75,31,0,1,34,2.75,25,0,0.0,1
69,135,67,57,0,1,34,2.79,66,100,0.1,66,135,65,34,0,1,39,6.14,43,100,0.5,0
67,155,70,49,0,1,31,4.21,75,100,0.3,67,155,70,25,0,1,44,3.01,51,100,0.6,1
69,145,72,50,50,2,35,2.89,42,0,1.3,72,145,73,58,100,2,36,4.41,50,50,0.1,0
69,125,68,59,0,0,33,3.05,60,100,1.5,66,125,66,40,0,1,32,3.14,41,100,0.9,1
73,205,77,46,0,1,45,3.71,43,100,1.0,72,205,75,57,0,0,41,2.91,54,100,0.6,0
63,115,63,36,100,1,33,2.98,34,34,0.0,65,115,63,66,66,1,30,3.12,64,0,1.0,0
73,155,77,37,0,2,26,4.79,44,100,0.3,69,155,71,56,0,1,33,4.76,63,100,0.3,1
62,115,63,58,100,1,26,3.66,32,100,0.8,66,115,65,68,0,1,32,3.92,42,0,0.0,1
67,135,69,49,0,1,33,3.49,57,40,0.0,69,135,71,43,60,0,36,3.66,51,100,0.6,1
68,135,70,49,0,1,30,3.36,61,72,0.3,68,135,67,39,28,1,31,3.83,51,100,0.7,1
76,185,80,42,0,2,36,3.11,43,100,0.1,76,205,79,57,0,1,38,3.65,58,100,0.4,1
70,170,71,42,66,1,39,3.34,58,100,0.5,71,170,74,42,0,1,41,3.05,58,34,0.3,1
68,135,71,44,0,1,38,3.65,54,100,0.3,67,135,70,46,0,1,32,5.73,56,100,0.0,1
75,170,81,33,0,1,33,3.22,58,100,0.5,72,170,73,42,0,1,39,4.67,67,100,0.0,1
69,170,71,44,0,0,34,3.23,66,100,0.1,70,185,75,34,0,1,38,6.58,56,100,0.0,1
63,115,62,32,50,1,39,4.19,64,100,0.7,62,115,62,36,0,1,33,4.38,68,50,0.3,0
74,185,75,58,0,1,29,3.58,53,100,0.9,73,185,77,47,0,0,38,3.5,42,100,1.5,1
62,115,61,48,0,1,32,3.76,69,50,1.1,64,115,64,31,50,1,38,4.12,52,100,0.8,1
71,155,72,38,0,1,36,4.02,51,100,0.8,75,155,75,49,0,1,28,4.36,62,100,0.4,0
72,155,75,42,0,0,33,2.4,49,50,0.7,68,145,69,51,50,1,31,2.94,58,100,0.0,1
63,115,68,23,20,1,30,1.81,56,0,3.7,65,115,64,44,100,1,33,4.23,77,80,0.0,0
68,135,70,36,0,2,33,5.16,55,75,0.9,71,135,70,45,25,2,33,3.4,64,100,0.3,0
68,135,69,50,66,0,44,2.79,55,100,0.1,66,135,68,45,0,1,36,3.03,50,34,0.1,1
70,145,70,32,0,1,31,4.86,59,50,0.0,69,145,72,41,50,1,37,5.58,68,100,1.1,0
65,125,65,37,100,2,27,2.72,63,0,0.1,66,125,69,37,100,1,36,3.76,63,0,0.6,1
75,170,80,40,0,1,37,3.19,64,34,0.3,71,185,75,36,66,1,36,3.01,60,100,0.6,0
67,145,69,53,50,1,40,3.18,65,100,1.7,68,145,72,35,0,1,31,3.25,47,50,0.2,1
70,145,70,25,0,1,35,5.94,47,100,0.7,71,145,73,53,0,1,30,1.83,75,100,0.0,0
72,170,74,50,0,1,33,2.22,56,73,0.3,71,170,71,44,27,1,30,3.18,50,100,3.1,1
66,125,68,57,0,1,34,5.01,59,50,0.2,66,125,70,41,50,2,29,8.7,43,100,1.3,1
67,125,70,36,16,0,29,6.05,48,87,0.0,68,125,70,52,13,2,34,3.99,64,84,0.0,0
72,170,76,42,26,2,38,2.74,26,100,0.1,74,170,74,74,0,0,34,2.34,58,74,0.4,0
68,155,71,57,0,2,32,4.97,40,67,0.0,71,155,70,60,33,1,37,7.5,43,100,0.0,0
71,170,72,90,50,2,37,3.0,42,100,1.0,72,185,72,58,0,0,36,4.74,10,50,0.3,1
66,125,69,51,0,1,28,6.3,59,100,0.7,64,125,64,41,0,1,37,4.52,49,100,0.1,0
72,185,74,48,0,0,32,4.24,64,100,0.5,74,185,76,36,0,1,37,3.36,52,100,1.3,1
70,145,72,41,33,0,37,2.98,40,0,1.1,68,135,71,60,100,1,30,2.2,59,67,0.7,0
71,155,73,58,0,1,40,3.18,37,65,0.0,70,155,71,63,35,1,32,3.74,42,100,0.0,0
75,155,78,28,0,1,29,3.41,25,0,3.6,69,155,68,75,100,1,30,5.35,72,100,0.0,0
67,125,68,24,0,1,32,2.31,47,50,2.0,67,125,70,53,50,1,25,1.19,76,100,1.3,0
69,145,73,57,50,1,34,2.4,44,55,0.9,69,145,70,56,45,1,29,6.03,43,50,1.2,1
67,125,71,20,0,2,35,2.0,53,100,1.0,67,125,70,47,0,0,29,3.2,80,100,2.2,0
66,125,69,50,0,1,32,3.63,43,50,0.6,66,125,65,57,50,1,40,4.72,50,100,0.3,0
64,125,64,80,100,0,30,4.1,63,100,0.4,67,125,66,37,0,1,29,4.75,20,0,1.8,1
79,250,80,80,0,1,37,3.0,100,100,0.2,74,262,75,0,0,0,35,2.2,20,100,0.9,1
75,205,77,58,100,1,33,2.47,55,50,1.4,77,205,79,45,50,1,34,3.91,42,0,1.5,1
68,135,70,60,33,1,33,2.13,31,100,1.4,68,135,70,69,0,0,31,3.76,40,67,0.1,0
66,135,68,40,100,0,46,2.84,25,25,0.4,69,135,69,75,75,2,32,3.99,60,0,1.0,0
74,205,77,47,77,1,28,2.65,42,67,1.0,76,205,78,58,33,1,29,2.48,53,23,0.0,1
75,235,79,65,61,1,35,1.8,44,100,0.0,76,236,78,56,0,1,33,3.46,35,39,0.6,1
68,135,69,47,0,1,40,3.82,28,59,0.2,65,135,66,72,41,1,43,2.5,53,100,0.2,1
76,185,76,54,100,1,31,2.63,55,100,1.4,74,185,79,45,0,1,30,2.01,46,0,0.4,1
67,135,68,63,0,2,38,5.95,52,83,0.6,65,135,69,48,17,1,34,4.47,37,100,0.3,1
65,125,67,49,0,0,33,4.53,51,0,0.0,66,125,67,49,100,1,31,4.23,51,100,0.4,0
72,170,76,57,41,1,38,2.44,40,100,0.8,72,170,77,60,0,1,32,6.68,43,59,0.2,1
76,245,81,75,0,1,35,2.19,50,0,0.5,76,248,84,50,100,1,38,2.22,25,100,0.5,0
65,125,66,60,66,0,37,2.11,68,100,0.4,65,125,66,32,0,1,32,3.95,40,34,0.6,0
73,170,77,63,0,1,31,2.41,53,100,1.8,71,170,75,47,0,0,35,5.47,37,100,0.1,1
75,155,77,41,0,0,30,4.63,31,67,1.2,70,155,70,69,33,0,35,3.17,59,100,0.2,0
73,185,76,25,25,0,29,0.55,50,100,13.8,74,185,80,50,0,1,37,3.92,75,75,0.1,1
68,135,65,78,66,1,34,3.91,72,50,0.0,67,135,70,28,50,0,35,4.29,22,34,0.2,1
63,125,66,53,100,1,32,3.33,60,100,0.8,64,125,68,40,0,1,39,4.96,47,0,0.6,1
74,185,72,47,0,1,35,4.99,51,100,2.6,73,185,74,49,0,1,35,5.67,53,100,0.1,0
68,135,67,48,100,0,25,3.24,60,100,0.8,70,135,70,40,0,1,29,4.94,52,0,0.5,1
65,115,67,24,0,1,42,4.75,34,20,0.6,61,115,61,66,80,1,30,4.86,76,100,0.2,0
68,135,71,60,50,1,28,2.44,61,84,0.6,70,135,72,39,16,2,31,4.09,40,50,0.8,1
71,155,69,47,52,1,35,5.31,49,100,0.0,70,155,69,51,0,1,29,3.4,53,48,0.5,1
73,185,78,38,0,0,35,1.99,59,0,1.2,74,185,75,41,100,1,30,3.6,62,100,1.7,0
75,265,77,55,50,1,34,3.83,54,100,0.0,78,260,81,46,0,1,33,3.84,45,50,0.0,1
73,170,76,25,0,1,33,3.38,48,0,0.5,73,170,73,52,100,1,34,3.33,75,100,1.0,0
71,155,75,24,66,1,33,8.08,41,100,0.0,69,155,70,59,0,2,30,4.37,76,34,0.0,0
66,125,66,46,0,0,32,2.7,56,50,0.0,67,125,68,44,50,1,36,4.03,54,100,0.4,0
69,155,71,48,0,0,30,1.84,75,100,1.1,68,155,70,25,0,1,34,7.45,52,100,0.0,1
67,125,73,31,30,0,33,4.41,53,80,0.3,69,125,70,47,20,2,34,3.15,69,70,0.6,1
67,155,69,8,0,1,36,1.85,75,34,0.0,69,155,70,25,66,1,32,1.53,92,100,1.5,0
70,155,72,42,75,1,25,0.46,65,100,0.0,68,155,68,35,0,1,35,3.3,58,25,1.5,1
64,125,66,42,33,1,26,3.32,63,100,1.2,61,115,62,37,0,1,34,5.36,58,67,0.4,1
74,205,77,37,0,1,34,6.03,31,100,0.4,74,205,76,69,0,1,37,2.73,63,100,0.0,0
75,205,77,55,45,1,30,4.17,68,50,0.0,76,265,79,32,50,1,36,4.81,45,55,0.2,1
75,205,74,54,0,1,37,3.3,76,100,0.0,70,205,73,24,0,1,37,3.3,46,100,0.4,1
69,145,72,46,0,1,33,4.9,64,100,0.1,68,155,71,36,0,0,42,3.18,54,100,1.7,1
70,155,72,49,16,2,28,5.0,52,0,0.4,70,155,69,48,100,0,31,5.72,51,84,0.3,0
70,145,74,43,33,1,36,3.79,74,100,0.2,68,145,69,26,0,1,30,4.13,57,67,0.0,1
70,170,67,41,0,2,28,4.61,40,0,0.9,73,170,77,60,100,1,34,1.67,59,100,0.0,1
66,125,66,60,0,1,29,2.85,86,0,2.5,63,125,64,14,100,0,30,2.18,40,100,0.0,1
70,155,70,60,44,0,34,1.27,52,100,1.0,66,145,71,48,0,1,37,3.44,40,56,0.2,1
66,145,70,42,25,1,40,4.61,43,100,0.1,71,145,71,57,0,1,33,4.07,58,75,0.7,0
72,265,75,43,0,1,40,6.32,50,100,0.5,72,264,74,50,0,0,32,5.93,57,100,0.0,0
75,205,79,55,66,1,34,2.53,60,100,0.9,75,205,78,40,0,2,31,3.87,45,34,0.0,0
70,145,73,35,0,1,31,3.29,41,100,0.4,69,145,70,59,0,0,33,3.06,65,100,0.0,1
66,125,66,25,0,2,36,7.39,37,100,0.0,65,135,67,63,0,1,30,2.75,75,100,0.8,0
70,155,69,37,0,1,23,3.83,44,25,0.8,72,155,74,56,75,1,31,4.49,63,100,0.1,0
66,145,67,49,33,1,35,5.87,34,20,1.9,67,145,68,66,80,2,32,3.07,51,67,0.0,0
63,115,63,58,0,1,33,3.06,38,34,0.0,61,115,61,62,66,1,29,2.48,42,100,0.1,0
68,145,72,40,0,1,32,5.46,42,86,0.0,68,145,68,58,14,2,35,4.15,60,100,0.6,0
68,155,68,41,0,1,34,3.07,57,100,0.0,70,155,72,43,0,1,28,5.05,59,100,0.0,0
75,260,79,0,0,1,40,2.48,43,25,0.0,75,260,78,57,75,1,30,3.79,100,100,0.5,0
71,250,73,30,0,0,39,4.2,62,0,0.1,75,249,78,38,100,1,40,3.35,70,100,0.1,0
72,170,71,41,0,0,25,5.12,37,43,0.0,73,170,77,63,57,0,36,5.13,59,100,0.0,0
68,145,69,56,0,1,30,2.84,26,60,0.6,72,155,69,74,40,2,30,5.61,44,100,0.4,0
67,135,68,44,0,0,30,1.38,60,100,1.6,67,135,69,40,0,1,28,3.94,56,100,0.0,1
67,125,66,41,33,1,30,3.43,72,100,2.6,66,125,64,28,0,1,29,2.69,59,67,0.0,1
70,185,73,65,33,1,34,3.3,64,100,1.1,73,185,77,36,0,1,37,6.15,35,67,0.0,1
64,125,62,100,0,1,29,1.03,0,0,1.8,67,125,70,100,100,1,25,1.15,0,100,2.4,0
76,205,79,57,0,0,34,3.35,54,89,0.0,74,205,76,46,11,1,46,4.43,43,100,0.9,1
65,135,68,44,50,1,38,3.46,36,50,1.6,67,125,70,64,50,1,32,3.4,56,50,0.5,0
70,170,71,83,100,1,39,3.34,64,100,0.5,75,170,80,36,0,1,38,2.42,17,0,0.3,1
65,125,67,34,0,1,42,5.25,38,0,0.1,61,115,62,62,100,1,34,5.36,66,100,0.4,0
78,205,82,80,0,1,33,2.83,63,100,0.9,75,185,76,37,0,1,38,2.86,20,100,1.6,1
75,185,75,51,0,0,29,5.01,46,100,0.0,73,205,76,54,0,1,44,2.79,49,100,0.7,1
70,185,72,48,0,1,33,4.17,49,100,0.0,75,185,75,51,0,1,33,5.3,52,100,0.5,1
69,155,70,66,57,1,30,4.4,54,100,1.3,70,155,71,46,0,0,29,2.99,34,43,0.5,1
73,170,76,69,0,1,38,5.42,60,100,0.0,73,170,72,40,0,1,28,5.25,31,100,3.8,0
75,235,76,100,0,1,44,3.02,22,40,0.1,75,205,79,78,60,1,34,0.52,0,100,2.4,0
66,135,64,54,0,1,36,3.63,56,75,0.0,67,135,71,44,25,1,32,7.07,46,100,0.6,1
68,155,71,69,25,1,30,2.66,72,100,0.0,70,155,73,28,0,2,31,2.51,31,75,1.0,1
71,170,74,47,0,1,41,3.43,55,67,0.1,71,185,72,45,33,1,34,4.21,53,100,0.9,1
62,135,67,48,0,0,32,5.85,54,100,0.0,68,135,72,46,0,1,42,7.4,52,100,0.0,1
67,135,69,67,0,1,32,4.0,68,100,0.0,64,135,72,32,0,1,34,3.91,33,100,1.6,1
73,185,76,44,100,1,34,4.33,55,100,0.2,75,185,75,45,0,1,30,3.26,56,0,1.5,1
71,145,71,36,0,2,37,3.46,55,0,1.6,67,145,71,45,100,1,34,3.52,64,100,0.3,0
72,185,75,64,100,0,34,4.1,64,100,0.0,71,185,72,36,0,0,33,4.55,36,0,0.0,1
68,135,68,42,0,1,34,3.92,50,100,0.6,67,135,67,50,0,1,37,3.29,58,100,0.7,0
67,135,67,54,0,1,38,5.03,30,100,0.4,68,135,69,70,0,1,29,0.73,46,100,0.9,0
66,125,71,32,18,1,26,6.25,27,40,0.0,69,135,69,73,60,1,30,2.5,68,82,0.2,0
70,155,72,36,33,1,28,7.93,48,25,0.0,67,155,66,52,75,0,33,2.01,64,67,1.6,0
68,125,67,42,0,1,32,4.54,46,50,0.3,68,125,69,54,50,1,34,2.28,58,100,0.9,0
67,135,68,55,66,0,32,1.9,69,100,1.9,69,135,74,31,0,0,29,2.89,45,34,0.6,1
67,125,68,53,33,1,35,5.2,41,100,5.4,69,125,70,59,0,2,34,3.15,47,67,0.6,0
73,185,76,38,100,1,35,4.33,55,100,0.2,71,185,77,45,0,2,42,4.13,62,0,0.0,0
70,155,74,41,0,1,35,2.44,59,67,0.0,67,155,72,41,33,1,30,1.91,59,100,0.0,0
65,125,68,45,25,1,33,3.07,77,100,0.7,64,125,67,23,0,1,30,3.61,55,75,0.0,1
70,145,73,53,0,0,38,2.93,55,100,0.7,73,145,74,45,0,0,37,6.35,47,100,0.6,1
70,155,71,51,0,1,40,3.74,72,100,0.3,68,155,70,28,0,0,38,4.23,49,100,0.1,0
72,185,72,0,100,1,32,2.51,49,100,1.1,72,185,74,51,0,0,31,4.17,100,0,0.0,0
63,115,58,27,66,1,27,3.22,56,100,0.5,63,115,63,44,0,2,31,2.57,73,34,0.2,1
71,170,73,35,50,1,32,2.56,62,40,0.6,73,170,75,38,60,2,34,4.21,65,50,0.4,0
68,135,70,38,0,1,34,2.13,64,59,1.4,68,135,69,36,41,1,31,0.88,62,100,1.9,1
73,170,77,18,0,1,32,3.73,37,23,0.6,72,170,74,63,77,1,35,2.16,82,100,0.3,0
65,125,68,35,66,1,34,3.29,52,100,0.2,65,125,68,48,0,0,33,4.51,65,34,0.4,0
65,135,67,24,0,1,37,2.57,72,54,0.3,66,135,67,28,46,1,37,2.97,76,100,0.0,0
70,155,73,40,0,1,31,3.7,42,50,1.6,69,155,68,58,50,1,38,3.4,60,100,0.0,1
72,170,73,42,0,1,40,4.67,71,100,0.0,71,170,72,29,0,1,36,4.17,58,100,0.3,1
70,145,70,43,11,0,32,1.63,49,100,1.6,67,145,69,51,0,1,29,3.35,57,89,1.3,0
75,205,76,100,0,1,37,4.64,43,100,0.0,74,242,78,57,0,1,38,3.15,0,100,0.0,0
68,185,76,47,0,1,39,3.93,50,100,0.0,74,185,75,50,0,1,29,4.13,53,100,0.6,0
70,170,76,30,0,0,32,3.31,59,100,0.0,70,185,75,41,0,1,39,6.58,70,100,0.0,0
70,145,70,57,50,1,38,5.61,49,67,1.2,69,145,72,51,33,1,34,4.9,43,50,0.1,1
67,125,69,37,55,2,29,3.73,41,100,1.1,68,135,67,59,0,0,26,3.24,63,45,0.8,0
72,170,75,62,0,1,43,3.03,44,67,0.0,75,170,81,56,33,1,34,3.22,38,100,0.5,1
66,125,66,76,100,1,33,3.14,67,100,0.9,68,125,70,33,0,1,36,4.46,24,0,1.1,1
74,264,75,20,0,0,33,4.98,48,100,0.0,75,257,84,52,0,0,34,4.61,80,100,0.0,0
74,185,76,46,0,1,38,3.36,41,34,1.3,73,185,77,59,66,1,38,3.69,54,100,0.4,1
75,185,76,46,0,0,33,2.94,48,0,1.9,73,185,75,52,100,0,39,4.39,54,100,0.1,0
72,170,76,44,0,1,37,5.6,55,50,0.7,75,170,80,45,50,1,36,4.32,56,100,0.4,0
62,115,63,41,0,1,32,7.98,48,100,0.0,63,115,64,52,0,1,41,4.94,59,100,0.1,0
67,155,70,36,26,1,45,3.01,61,100,0.6,69,155,69,39,0,1,43,3.66,64,74,0.2,1
70,155,73,43,0,1,33,2.64,55,100,0.0,70,155,73,45,0,0,40,3.83,57,100,0.0,0
72,145,71,49,28,2,34,3.35,71,60,0.8,70,145,71,29,40,1,42,3.27,51,72,1.1,1
69,155,72,31,0,1,34,7.16,51,40,0.4,69,155,71,49,60,0,35,3.52,69,100,0.5,0
68,145,71,65,0,1,38,6.42,72,67,0.0,69,145,72,28,33,1,27,4.07,35,100,0.7,0
63,115,64,43,0,1,27,4.87,40,100,0.0,64,115,66,60,0,1,34,4.84,57,100,0.0,1
77,205,83,57,0,0,34,4.27,66,75,0.3,73,205,75,34,25,0,33,3.29,43,100,0.0,1
76,260,78,52,0,1,35,4.02,63,50,0.0,76,250,78,37,50,1,37,6.65,48,100,0.0,1
72,170,74,25,0,1,32,6.26,42,67,0.0,71,170,70,58,33,1,42,2.94,75,100,0.0,0
69,125,70,55,0,2,35,3.15,50,75,0.6,64,125,66,50,25,2,38,5.86,45,100,0.2,1
67,125,67,29,0,1,35,4.42,57,100,0.7,64,125,64,43,0,1,38,4.52,71,100,0.1,0
69,135,70,29,0,1,36,4.24,64,92,0.0,67,135,66,36,8,1,32,2.75,71,100,0.0,0
69,135,71,59,40,1,33,3.7,50,47,0.2,66,135,70,50,53,1,33,4.29,41,60,0.0,1
66,115,69,53,0,1,30,5.76,32,50,0.0,62,115,59,68,50,1,38,5.06,47,100,0.7,0
68,135,71,55,37,1,27,3.65,53,50,0.3,67,135,67,47,50,1,34,3.79,45,63,0.6,1
76,205,79,57,100,1,39,3.65,47,75,0.4,76,185,80,53,25,2,37,3.11,43,0,0.1,1
64,115,63,47,0,2,37,3.44,82,75,0.4,61,115,63,18,25,1,39,2.69,53,100,0.3,1
68,155,71,43,42,1,40,4.58,50,100,0.9,69,155,72,50,0,0,37,4.3,57,58,1.2,0
66,135,68,16,0,1,45,2.82,50,100,0.3,69,135,67,50,0,1,35,2.79,84,100,0.1,0
70,155,72,27,0,0,30,2.93,54,100,1.4,72,155,75,46,0,2,36,4.76,73,100,0.4,0
67,155,71,56,0,1,35,3.53,70,100,0.0,71,155,72,30,0,1,37,3.8,44,100,0.6,0
77,205,79,47,0,1,35,3.91,59,100,1.5,76,205,77,41,0,0,37,3.77,53,100,0.4,1
64,125,66,65,100,1,27,3.32,47,100,1.2,64,115,62,53,0,1,36,4.94,35,0,0.6,1
72,170,72,47,33,1,30,4.17,57,28,0.8,72,185,73,43,72,2,35,3.03,53,67,2.5,0
68,155,71,45,0,2,36,4.96,60,100,0.0,69,155,71,40,0,1,36,3.57,55,100,0.9,0
72,145,74,35,0,1,34,3.02,40,100,0.0,71,145,71,60,0,1,35,4.4,65,100,0.5,0
67,135,70,20,50,0,37,3.1,55,100,0.4,70,135,75,45,0,0,34,1.41,80,50,0.3,0
72,205,78,14,0,1,32,5.56,40,100,0.0,76,205,77,60,0,1,36,3.59,86,100,0.3,0
66,115,65,36,0,1,39,2.89,46,50,0.2,64,115,65,54,50,0,39,4.21,64,100,0.7,0
73,170,74,61,0,0,40,5.28,48,29,0.1,75,170,80,52,71,1,39,2.42,39,100,0.3,0
68,145,69,52,0,1,32,2.94,0,100,0.0,67,145,69,100,0,1,36,2.28,48,100,2.7,1
67,125,70,44,50,0,35,3.3,60,100,2.1,70,125,72,40,0,1,35,4.29,56,50,0.3,1
70,155,72,67,33,2,32,2.27,50,100,1.5,68,155,72,50,0,1,42,3.97,33,67,0.0,1
63,125,65,58,62,0,29,2.6,65,100,0.4,67,125,65,35,0,1,35,4.88,42,38,0.6,1
70,135,73,68,0,2,32,5.18,35,0,0.3,69,135,69,65,100,2,33,3.99,32,100,1.0,0
70,135,71,36,0,1,36,5.67,66,50,0.0,69,135,71,34,50,1,33,2.66,64,100,1.8,0
68,125,68,46,100,0,35,5.17,47,100,0.3,67,125,70,53,0,0,30,3.2,54,0,2.2,0
66,135,68,58,0,1,28,4.53,8,100,0.8,67,135,66,92,0,0,38,8.43,42,100,0.0,1
68,145,70,41,0,0,32,2.91,76,100,0.4,71,145,72,24,0,1,38,7.1,59,100,0.1,1
71,170,76,53,50,1,41,3.81,60,40,0.3,74,170,75,40,60,1,42,3.65,47,50,0.2,1
76,260,78,46,0,1,35,4.02,60,100,0.0,76,265,80,40,0,1,34,5.67,54,100,0.0,1
72,185,75,50,75,2,32,6.13,56,100,1.2,76,185,76,44,0,1,32,2.63,50,25,1.4,1
74,185,76,42,0,1,38,3.36,58,0,1.3,72,185,77,42,100,1,37,3.72,58,100,0.2,1
76,185,80,50,0,1,31,3.08,46,50,0.8,70,185,73,54,50,1,35,3.3,50,100,1.1,0
72,155,75,65,0,0,34,2.4,67,100,0.7,73,155,74,33,0,0,27,3.59,35,100,2.2,1
64,125,69,41,0,1,31,1.13,55,50,1.0,67,125,67,45,50,0,35,2.89,59,100,0.3,0
67,145,71,39,0,1,29,2.46,31,34,1.4,68,135,69,69,66,1,32,3.34,61,100,0.0,1
70,155,70,73,66,0,35,1.27,52,100,1.0,70,155,74,48,0,1,37,3.19,27,34,2.7,1
66,135,67,30,0,1,40,3.47,23,38,0.8,67,145,71,77,62,1,37,2.41,70,100,0.8,0
70,155,70,40,21,0,36,3.17,55,100,0.2,70,155,72,45,0,0,37,2.65,60,79,0.9,0
69,125,68,26,0,1,38,4.41,65,50,0.3,67,125,65,35,50,1,36,3.31,74,100,0.0,0
70,170,72,49,0,1,34,3.55,62,100,1.2,71,170,72,38,0,1,38,3.64,51,100,0.2,0
70,185,75,59,50,0,33,1.98,60,0,0.5,74,185,75,40,100,1,36,2.57,41,50,0.2,1
74,205,75,51,100,1,37,3.92,53,65,0.1,75,205,77,47,35,1,34,2.47,49,0,1.4,0
73,170,71,38,14,2,33,2.2,41,75,0.5,71,170,72,59,25,1,37,2.61,62,86,0.0,0
75,185,71,47,0,1,36,2.9,64,0,0.0,73,185,76,36,100,1,34,5.25,53,100,0.3,1
67,125,70,70,85,1,26,1.19,56,0,1.3,67,125,71,44,100,2,36,2.0,30,15,1.0,1
65,135,67,72,50,1,32,4.78,40,100,0.0,67,135,65,60,0,1,44,3.87,28,50,0.1,1
64,125,68,47,20,1,40,4.96,51,100,0.6,65,125,66,49,0,1,33,3.95,53,80,0.6,0
68,135,70,60,0,0,32,3.76,36,0,0.1,68,145,70,64,100,1,43,3.84,40,100,0.4,1
74,205,77,60,60,1,35,6.03,24,100,0.4,73,185,74,76,0,1,32,4.55,40,40,0.0,0
65,135,66,65,40,1,44,2.5,57,100,0.2,67,135,68,43,0,2,39,5.95,35,60,0.6,1
75,205,77,62,0,1,39,3.06,53,100,1.7,72,205,76,47,0,1,39,3.51,38,100,0.3,0
70,135,72,41,33,1,36,4.62,46,75,0.1,70,135,70,54,25,1,30,4.94,59,67,0.5,0
72,185,76,33,0,0,29,2.64,50,31,0.2,69,185,73,50,69,1,31,2.49,67,100,0.5,0
68,145,72,50,100,1,31,2.62,50,100,0.8,71,145,73,50,0,1,31,1.83,50,0,0.0,1
65,115,64,44,0,1,34,4.23,49,55,0.0,63,115,63,51,45,1,34,2.98,56,100,0.0,0
67,125,70,61,37,1,26,1.15,37,100,2.4,66,125,68,63,0,1,35,5.01,39,63,0.2,1
69,170,71,66,0,2,30,12.83,34,100,0.0,74,170,74,66,0,1,41,3.73,34,100,0.0,1
64,115,63,40,18,1,33,4.09,43,100,1.3,65,115,63,57,0,1,37,3.56,60,82,0.0,0
69,170,70,59,25,0,48,2.67,58,100,0.5,75,170,78,42,0,1,36,3.33,41,75,0.5,0
67,135,67,61,40,1,39,5.03,81,100,0.4,67,135,70,19,0,0,36,4.29,39,60,0.2,1
69,145,71,100,0,1,33,4.33,0,100,0.4,66,145,67,100,0,1,36,5.87,0,100,1.9,1
66,135,71,53,50,2,35,4.99,49,50,0.2,67,135,67,51,50,1,31,5.12,47,50,0.0,0
74,240,80,40,0,1,49,3.8,21,50,1.9,70,230,73,79,50,1,44,2.93,60,100,0.3,0
68,155,69,50,0,0,37,4.51,54,100,0.7,70,155,70,46,0,0,41,3.39,50,100,0.5,1
73,185,77,50,0,0,37,2.23,50,0,0.1,74,185,75,50,100,1,31,3.6,50,100,1.7,0
68,135,68,54,0,0,36,3.06,56,67,0.0,67,125,66,44,33,1,33,4.54,46,100,1.7,1
69,135,73,28,0,2,32,7.58,39,0,0.0,66,135,68,61,100,0,47,2.84,72,100,0.4,0
68,135,67,37,100,1,29,3.73,58,93,0.2,71,135,70,42,7,2,34,3.4,63,0,0.3,0
75,170,80,67,0,1,38,3.19,47,67,0.3,75,185,75,53,33,1,34,5.3,33,100,0.5,0
72,145,73,47,0,2,37,4.41,59,67,0.1,71,145,74,41,33,1,36,4.11,53,100,0.3,0
74,185,75,31,0,1,30,3.58,64,100,0.9,70,185,74,36,0,1,38,3.85,69,100,0.0,1
74,246,80,41,42,1,34,4.76,47,100,0.7,74,205,75,53,0,1,35,2.75,59,58,0.0,1
72,185,75,65,57,1,33,3.46,53,100,3.0,73,185,74,47,0,1,36,5.67,35,43,0.1,1
68,145,70,33,0,1,36,1.54,45,0,1.9,71,145,71,55,100,2,38,3.46,67,100,1.6,0
72,170,74,54,40,1,34,2.22,74,0,0.3,69,170,71,26,100,1,31,5.35,46,60,0.5,1
61,115,61,71,80,1,30,2.48,45,100,0.1,62,115,63,55,0,1,27,3.66,29,20,0.8,1
73,155,77,29,0,2,27,4.79,58,89,0.3,71,155,72,42,11,1,37,4.02,71,100,0.8,0
66,125,68,67,0,0,29,3.82,72,58,0.9,65,115,63,28,42,1,31,3.12,33,100,1.0,0
69,135,69,53,50,1,31,2.5,71,85,0.2,65,135,69,29,15,1,35,4.47,47,50,0.3,1
69,155,70,53,0,1,33,4.78,63,100,0.0,74,155,74,37,0,2,33,6.41,47,100,0.0,1
72,170,76,46,0,0,41,3.77,54,67,1.3,71,155,76,46,33,1,42,4.41,54,100,0.9,1
74,185,75,0,40,1,32,3.46,100,100,2.7,75,170,81,0,0,1,34,3.22,100,60,0.5,1
73,170,74,47,0,0,40,5.28,56,0,0.1,72,170,71,44,100,1,38,3.84,53,100,0.0,1
69,135,68,52,0,1,38,6.33,59,63,0.2,71,135,72,41,37,1,35,2.61,48,100,0.3,1
73,205,75,60,100,0,33,3.29,0,0,0.0,78,205,82,100,100,1,34,2.83,40,0,0.9,0
73,145,74,48,33,0,37,6.35,50,100,0.6,68,145,73,50,0,1,35,3.37,52,67,0.0,1
75,205,79,70,100,1,35,0.52,0,100,2.4,76,205,78,100,0,1,30,2.48,30,0,0.0,1
74,185,80,54,0,1,38,3.92,55,100,0.1,73,185,77,45,0,1,38,6.15,46,100,0.0,0
75,230,78,52,50,1,38,5.08,45,100,0.6,69,265,75,55,0,1,40,5.87,48,50,0.0,0
67,135,67,47,100,1,36,1.99,79,100,0.0,71,145,70,21,0,1,43,4.57,53,0,0.5,1
63,115,63,54,100,1,34,3.06,43,50,0.0,62,115,66,57,50,0,29,2.53,46,0,0.0,1
71,170,72,40,11,1,33,4.56,66,100,0.0,73,170,76,34,0,1,34,3.38,60,89,0.5,0
76,245,81,65,0,1,36,2.19,68,100,0.5,74,264,75,32,0,0,33,4.98,35,100,0.0,1
72,185,74,28,0,0,33,4.24,56,0,0.5,72,185,73,44,100,1,36,3.45,72,100,0.0,0
70,170,76,26,0,0,32,3.31,54,72,0.0,75,185,75,46,28,1,31,3.26,74,100,1.5,0
72,145,73,45,60,0,29,1.49,63,100,0.7,71,145,73,37,0,1,32,2.93,55,40,0.5,1
69,145,69,42,50,2,31,4.31,52,38,0.6,66,145,69,48,62,1,33,4.22,58,50,0.5,0
72,185,75,0,0,1,35,3.29,0,100,0.7,74,185,78,100,0,1,36,5.36,100,100,0.0,0
68,155,68,37,0,1,41,4.15,64,34,0.0,70,155,72,36,66,0,31,5.25,63,100,0.0,0
70,155,70,29,20,1,30,4.0,45,58,0.0,73,155,75,55,42,1,29,2.01,71,80,0.0,0
68,135,70,40,0,1,30,5.13,78,100,0.0,65,135,69,22,0,1,34,4.12,60,100,0.2,1
66,135,68,68,28,1,38,2.48,53,67,0.6,65,135,66,47,33,2,32,1.18,32,72,0.0,1
72,170,76,61,41,2,39,2.74,27,80,0.1,74,170,74,73,20,0,35,2.34,39,59,0.4,0
73,185,72,70,100,1,35,6.38,28,75,0.0,75,185,77,72,25,0,42,2.68,30,0,1.0,1
66,135,68,38,0,1,35,2.37,44,100,0.3,67,135,70,56,0,1,40,3.74,62,100,0.1,1
68,135,67,48,66,1,32,3.83,39,100,0.7,68,135,66,61,0,1,30,4.95,52,34,0.2,1
75,205,79,54,0,1,35,2.53,50,100,0.9,74,205,75,50,0,1,37,6.53,46,100,2.0,1
75,249,78,47,0,1,41,3.35,55,67,0.1,74,262,75,45,33,0,36,2.2,53,100,0.9,1
69,155,68,66,0,1,38,3.4,56,100,0.0,72,155,75,44,0,1,46,3.4,34,100,0.2,1
70,170,74,55,50,1,33,6.88,52,100,0.2,70,170,67,48,0,2,29,4.61,45,50,0.9,1
66,125,68,73,0,0,37,2.59,34,50,0.4,65,125,68,66,50,1,33,3.07,27,100,0.7,0
68,125,70,69,0,2,35,3.99,52,100,0.0,66,125,70,48,0,2,30,8.7,31,100,1.3,1
68,135,70,39,0,2,34,5.16,64,72,0.9,68,135,68,36,28,1,41,2.61,61,100,0.1,1
71,145,74,40,16,1,32,5.48,51,25,0.3,69,145,72,49,75,1,38,5.58,60,84,1.1,0
63,115,66,36,0,1,24,3.23,61,100,0.4,63,115,64,39,0,1,27,4.87,64,100,0.0,0
72,205,75,26,0,1,36,3.24,26,100,0.1,70,205,71,74,0,0,37,3.12,74,100,0.0,0
66,125,67,26,0,1,32,4.23,43,100,0.4,67,125,65,57,0,1,38,7.03,74,100,0.0,0
63,115,64,38,16,1,41,4.94,62,67,0.1,62,115,61,38,33,1,33,3.76,62,84,1.1,1
76,236,78,43,0,1,34,3.46,65,100,0.6,76,265,77,35,0,1,35,5.7,57,100,0.3,0
64,115,64,34,50,1,39,4.12,71,100,0.8,65,125,64,29,0,1,41,3.47,66,50,0.5,0
68,155,71,61,50,0,38,4.26,54,100,1.0,74,155,74,46,0,2,35,5.86,39,50,0.0,1
67,125,73,36,0,0,34,4.41,48,100,0.3,67,125,68,52,0,1,43,4.97,64,100,0.0,0
70,170,70,8,50,1,40,2.54,75,100,0.9,72,170,72,25,0,1,33,6.91,92,50,0.0,0
76,205,79,58,0,0,35,3.35,44,70,0.0,74,205,76,56,30,1,42,2.57,42,100,0.1,1
71,170,75,57,33,0,36,5.47,53,100,0.1,71,170,75,47,0,1,35,5.15,43,67,0.7,1
74,205,76,64,0,1,38,2.73,70,100,0.0,74,239,79,30,0,1,37,3.96,36,100,0.0,0
67,125,66,63,100,1,30,4.75,38,100,1.8,64,125,67,62,0,2,38,3.7,37,0,0.0,1
75,260,78,67,75,1,31,3.79,66,100,0.5,75,265,77,34,0,1,35,3.83,33,25,0.0,1
71,155,75,56,0,1,34,8.08,52,0,0.0,70,155,73,48,100,2,32,2.51,44,100,1.0,0
74,185,75,27,0,0,40,3.63,41,100,0.1,72,185,74,59,0,0,31,4.17,73,100,0.0,0
70,170,73,25,0,0,36,3.73,30,100,0.0,73,170,77,70,0,1,32,3.73,75,100,0.6,0
67,115,68,38,0,1,34,2.57,41,25,0.0,63,115,58,59,75,1,27,3.22,62,100,0.5,0
66,135,69,38,0,1,37,2.3,45,25,0.8,68,135,69,55,75,1,38,2.62,62,100,0.7,0
64,125,69,48,50,1,33,3.24,62,100,0.0,67,125,70,38,0,1,33,3.4,52,50,0.5,0
75,257,84,62,0,0,34,4.61,34,100,0.0,75,260,79,66,0,1,41,2.48,38,100,0.0,1
66,125,65,71,0,1,34,3.14,34,0,1.3,65,125,67,66,100,1,36,3.9,29,100,1.0,0
76,205,76,50,0,1,38,4.47,42,100,0.6,75,205,75,58,0,1,34,2.25,50,100,0.0,0
71,170,72,54,0,1,36,4.17,68,0,0.3,73,170,75,32,100,2,34,4.21,46,100,0.4,1
68,155,68,54,33,1,36,3.3,59,100,1.5,68,155,70,41,0,0,38,4.23,46,67,0.1,0
69,155,70,53,20,1,38,3.4,41,73,0.0,67,155,70,59,27,1,32,4.21,47,80,0.3,1
72,170,79,54,0,1,27,3.6,44,88,0.0,73,170,77,56,12,0,37,5.13,46,100,0.0,1
75,185,75,54,0,0,30,5.01,47,34,0.0,72,205,78,53,66,1,32,5.56,46,100,0.0,0
71,170,76,64,0,2,38,2.17,52,63,0.0,71,170,71,48,37,2,32,4.02,36,100,0.0,0
76,265,80,40,0,1,35,1.89,40,100,0.0,77,256,78,60,0,1,33,2.77,60,100,1.7,1
70,185,75,34,0,1,39,6.58,61,100,0.0,73,185,77,39,0,1,38,3.69,66,100,0.4,0
70,155,73,43,100,1,31,3.7,28,67,1.6,69,155,71,72,33,0,31,1.84,57,0,1.1,1
77,205,79,62,0,1,39,3.53,41,100,0.4,75,205,77,59,0,1,34,2.47,38,100,1.4,0
64,115,62,46,0,1,36,4.94,73,100,0.6,64,115,61,27,0,1,34,4.67,54,100,0.2,1
74,205,75,55,50,1,37,3.92,74,100,0.1,75,185,76,26,0,1,39,2.86,45,50,1.6,1
67,155,72,57,0,0,31,3.53,60,100,0.0,70,155,74,40,0,1,31,4.94,43,100,0.0,1
70,155,73,40,72,1,33,2.64,50,100,0.0,69,155,70,50,0,1,40,3.26,60,28,0.2,1
69,145,69,30,22,2,40,3.86,39,0,1.0,66,145,69,61,100,1,33,4.22,70,78,0.5,0
70,145,72,50,42,0,38,2.98,20,20,1.1,72,145,71,80,80,2,34,3.35,50,58,0.8,0
67,125,70,41,46,1,26,1.19,46,100,1.3,69,125,70,54,0,2,35,3.15,59,54,0.6,1
73,155,77,56,0,1,38,3.15,34,100,0.0,71,145,71,66,0,2,35,4.56,44,100,0.7,1
67,125,71,55,0,1,37,3.24,65,67,0.7,65,125,64,35,33,1,36,4.7,45,100,0.0,0
71,170,74,47,100,1,42,3.43,48,67,0.1,71,170,71,52,33,0,44,3.0,53,0,1.1,1
68,145,69,62,20,2,35,6.66,50,100,1.2,71,145,71,50,0,1,34,4.07,38,80,0.7,0
63,115,62,51,50,1,40,4.19,43,100,0.7,64,115,65,57,0,0,39,4.21,49,50,0.7,0
71,170,70,41,25,1,42,2.94,57,50,0.0,72,170,71,43,50,1,38,3.84,59,75,0.0,0
69,145,69,60,0,2,31,4.31,48,72,0.6,71,145,75,52,28,1,35,6.78,40,100,0.4,0
66,135,65,51,0,1,40,2.98,45,67,1.3,65,125,67,55,33,1,43,5.25,49,100,0.1,0
71,185,72,48,0,0,34,4.55,50,0,0.0,68,185,76,50,100,1,39,3.93,52,100,0.0,1
68,135,71,43,0,1,31,2.2,35,75,0.7,66,135,69,65,25,1,34,3.61,57,100,0.4,0
72,145,73,77,100,2,37,4.41,17,50,0.1,69,145,73,83,50,1,38,4.74,23,0,3.3,1
73,185,76,52,0,2,42,2.66,57,60,0.0,72,185,75,43,40,1,35,3.29,48,100,0.7,0
65,115,67,25,0,1,43,4.75,44,100,0.6,62,115,63,56,0,1,32,7.98,75,100,0.0,0
75,185,71,50,0,1,36,2.9,52,20,0.0,70,185,75,48,80,0,33,1.98,50,100,0.5,0
76,265,80,40,0,1,34,5.67,42,100,0.0,76,250,78,58,0,1,37,6.65,60,100,0.0,0
69,135,71,11,0,1,33,3.7,49,100,0.2,68,135,68,51,0,1,39,3.4,89,100,0.0,0
72,155,74,44,0,1,32,4.49,66,100,0.1,70,155,73,34,0,0,40,3.83,56,100,0.0,1
72,185,72,38,50,1,32,2.51,68,100,1.1,72,185,75,32,0,2,32,6.13,62,50,1.2,1
67,125,67,38,40,1,39,4.0,53,100,0.5,68,125,67,47,0,0,42,2.93,62,60,0.4,0
71,145,74,40,33,1,32,5.48,71,100,0.3,66,135,70,29,0,1,30,3.93,60,67,0.0,1
77,205,83,46,71,0,34,4.27,53,100,0.3,73,205,74,47,0,0,36,2.42,54,29,0.5,1
68,135,69,54,62,1,31,0.88,55,50,1.9,68,135,68,45,50,2,34,1.75,46,38,0.2,1
76,185,80,50,0,2,37,3.11,43,100,0.1,71,185,77,57,0,2,42,4.13,50,100,0.0,1
71,145,69,42,0,1,35,4.75,47,100,0.3,66,145,71,53,0,1,38,3.44,58,100,0.2,0
76,205,79,62,0,1,39,3.65,49,100,0.4,73,185,76,51,0,1,35,4.33,38,100,0.2,1
72,185,72,46,0,0,37,4.74,43,100,0.3,71,170,74,57,0,0,44,4.67,54,100,0.0,1
67,155,71,66,0,1,35,3.53,40,100,0.0,75,155,77,60,0,0,31,4.63,34,100,1.2,0
73,155,73,63,0,1,43,4.48,34,0,1.2,68,155,71,66,100,0,43,3.18,37,100,1.7,0
72,185,79,23,0,1,42,3.85,57,60,0.1,73,185,78,43,40,0,36,1.99,77,100,1.2,0
65,125,65,64,0,2,28,2.72,44,75,0.1,66,125,66,56,25,1,40,4.19,36,100,0.5,1
67,125,66,66,100,1,33,4.54,44,100,1.7,65,135,64,56,0,1,39,3.51,34,0,0.3,1
70,155,70,58,28,0,36,3.17,62,88,0.2,67,155,72,38,12,1,30,1.91,42,72,0.0,1
73,170,77,52,100,1,32,2.41,50,100,1.8,75,170,80,50,0,1,39,2.42,48,0,0.3,1
76,265,79,61,75,1,37,4.81,35,100,0.2,75,243,79,65,0,1,38,4.82,39,25,0.0,1
70,155,71,40,0,1,36,2.95,25,50,0.4,69,155,70,75,50,1,31,4.4,60,100,1.3,0
70,125,72,10,0,1,35,4.29,26,25,0.3,68,135,69,74,75,1,30,0.73,90,100,0.9,0
70,185,75,62,0,1,39,6.58,41,100,0.0,72,185,73,59,0,1,37,4.6,38,100,1.6,1
72,185,77,75,0,1,32,4.11,22,100,0.0,76,205,77,78,0,1,36,3.59,25,100,0.3,0
69,145,72,42,50,2,36,2.89,41,50,1.3,68,145,69,59,50,1,32,2.94,58,50,0.0,0
66,135,67,53,15,1,37,2.97,56,75,0.0,68,135,69,44,25,1,31,5.01,47,85,0.2,1
65,135,67,63,0,1,30,3.02,24,100,2.3,67,125,67,76,0,0,35,2.89,37,100,0.3,0
69,135,69,35,100,2,33,3.99,34,100,1.0,66,135,66,66,0,2,40,4.64,65,0,0.7,1
71,145,72,34,0,1,38,7.1,68,100,0.1,66,145,70,32,0,1,41,4.61,66,100,0.1,0
75,170,81,40,0,1,34,3.22,55,60,0.5,74,170,75,45,40,1,42,3.65,60,100,0.2,1
70,170,76,25,0,0,32,3.31,80,78,0.0,71,185,75,20,22,1,37,3.01,75,100,0.6,1
71,155,72,41,14,1,34,4.53,59,100,0.0,70,155,74,41,0,1,35,2.44,59,86,0.0,0
75,185,75,68,0,1,34,5.3,70,100,0.5,74,185,72,30,0,1,36,4.99,32,100,2.6,1
69,135,70,40,0,2,39,4.85,48,100,1.4,67,135,70,52,0,1,33,5.73,60,100,0.0,0
71,170,75,37,0,1,42,3.68,57,100,0.4,69,170,74,43,0,2,40,1.31,63,100,0.8,0
69,145,72,28,0,1,31,3.78,67,100,0.7,68,145,67,33,0,1,39,3.83,72,100,0.0,1
67,135,69,42,0,1,42,3.76,29,100,0.1,66,135,64,71,0,1,37,3.63,58,100,0.0,0
72,185,77,67,33,1,37,3.72,72,100,0.2,66,185,70,28,0,1,37,6.21,33,67,0.0,1
74,185,76,53,0,1,38,3.36,56,100,1.3,75,185,76,44,0,0,33,2.94,47,100,1.9,1
74,205,76,68,29,1,47,4.43,42,100,0.9,75,205,80,58,0,1,34,5.17,32,71,0.3,0
66,125,68,53,100,1,33,2.64,45,40,1.1,65,125,66,55,60,0,38,2.11,47,0,0.4,0
64,115,63,67,50,2,37,3.44,50,100,0.4,66,115,65,50,0,1,39,3.25,33,50,0.1,1
72,170,74,35,0,1,32,6.26,48,100,0.0,71,170,73,52,0,1,32,2.56,65,100,0.6,0
70,145,73,45,0,1,32,3.29,72,50,0.4,72,145,74,28,50,1,34,3.02,55,100,0.0,1
74,185,75,60,100,1,31,3.6,40,50,1.7,69,185,73,60,50,1,31,2.49,40,0,0.5,1
67,135,66,57,9,0,38,8.43,39,100,0.0,68,135,70,61,0,1,31,3.36,43,91,0.3,0
74,242,78,33,0,1,38,3.15,44,100,0.0,79,250,80,56,0,1,38,3.0,67,100,0.2,0
67,145,71,39,0,1,35,3.52,48,44,0.3,67,145,72,52,56,1,32,2.89,61,100,0.2,0
71,145,71,49,0,1,35,5.32,50,100,0.0,71,145,71,50,0,1,35,4.4,51,100,0.5,1
67,125,73,46,0,0,34,4.41,47,100,0.3,65,125,65,53,0,0,34,3.04,54,100,0.5,1
72,205,76,86,66,1,39,3.51,82,100,0.3,75,205,74,18,0,1,32,4.07,14,34,0.0,1
63,115,64,66,0,1,41,5.55,55,100,0.2,64,115,65,45,0,1,42,5.19,34,100,0.8,1
71,145,71,60,50,2,38,3.46,55,67,1.6,67,135,68,45,33,0,33,1.9,40,50,1.9,1
65,135,69,33,0,1,35,4.47,72,100,0.3,69,135,71,28,0,1,33,2.66,67,100,1.8,1
64,125,66,33,15,2,38,5.86,63,100,0.2,66,125,69,37,0,1,29,5.04,67,85,0.0,0
72,170,76,54,0,1,38,3.57,27,50,0.0,72,170,74,73,50,1,35,2.16,46,100,0.3,0
64,125,66,48,0,1,27,3.32,55,67,1.2,65,125,67,45,33,0,34,4.53,52,100,0.0,1
68,135,69,61,0,0,45,2.79,44,86,0.1,68,135,68,56,14,1,35,3.92,39,100,0.6,0
72,170,73,47,25,1,40,4.67,50,100,0.0,73,185,73,50,0,1,33,3.74,53,75,0.6,0
73,185,74,71,28,1,32,4.55,18,100,0.0,75,170,80,82,0,1,38,3.19,29,72,0.3,0
65,115,67,37,0,1,34,2.65,55,50,1.9,61,115,61,45,50,1,31,4.86,63,100,0.2,0
73,185,75,45,12,0,39,4.39,43,100,0.1,70,185,73,57,0,1,35,3.3,55,88,1.1,0
70,185,74,12,0,1,38,3.85,31,0,0.0,76,185,80,69,100,1,31,3.08,88,100,0.8,0
72,265,75,0,0,1,41,6.32,48,50,0.5,75,205,79,52,50,1,35,0.52,100,100,2.4,0
71,155,73,38,0,1,41,3.18,46,100,0.0,73,170,71,54,0,0,33,3.18,62,100,0.0,0
68,135,70,57,100,0,32,3.76,67,100,0.1,69,135,70,33,0,1,36,4.24,43,0,0.0,1
68,145,69,91,50,1,32,4.65,36,43,0.5,73,155,74,64,57,0,27,3.59,9,50,2.2,0
63,115,63,41,0,1,34,3.06,34,43,0.0,65,115,64,66,57,1,34,4.23,59,100,0.0,0
74,205,78,43,0,1,43,2.91,69,75,0.3,76,205,78,31,25,1,34,2.3,57,100,0.2,1
73,205,75,22,100,0,33,3.29,64,100,0.0,77,205,79,36,0,1,35,3.91,78,0,1.5,0
69,135,68,51,0,1,35,4.11,59,100,1.8,68,135,69,41,0,1,41,3.82,49,100,0.2,0
63,125,66,32,50,1,33,3.33,72,100,0.8,69,125,68,28,0,1,38,4.41,68,50,0.3,0
70,155,73,51,0,1,37,7.44,47,100,0.0,70,155,73,53,0,2,31,3.76,49,100,0.0,0
68,125,69,36,50,1,35,2.28,73,100,0.9,67,125,70,27,0,0,30,3.2,64,50,2.2,1
66,125,69,57,50,1,37,3.76,51,40,0.6,64,125,68,49,60,1,40,4.96,43,50,0.6,0
71,155,74,46,0,0,43,2.95,38,0,0.3,70,155,73,62,100,0,40,3.83,54,100,0.0,0
63,115,64,38,50,1,41,4.94,77,63,0.1,63,115,64,23,37,1,38,3.03,62,50,1.0,0
68,125,68,26,40,0,35,5.17,35,80,0.3,67,125,70,65,20,1,26,1.15,74,60,2.4,0
72,185,73,10,0,2,35,3.03,64,100,2.5,72,185,76,36,0,0,29,2.64,90,100,0.2,1
71,155,70,63,0,1,38,7.5,37,100,0.0,70,155,74,63,0,1,37,3.19,37,100,2.7,0
61,115,63,22,18,1,39,2.69,73,0,0.3,65,125,65,27,100,1,34,3.53,78,82,0.6,1
71,155,76,40,0,1,42,4.41,50,0,0.9,68,155,71,50,100,1,40,4.58,60,100,0.9,0
72,170,77,33,0,1,32,5.33,48,100,0.0,75,170,78,52,0,1,36,3.33,67,100,0.5,0
73,170,74,30,0,0,39,3.73,36,100,0.2,69,170,70,64,0,0,48,2.67,70,100,0.5,0
71,135,72,35,50,1,35,2.61,50,100,0.3,67,135,67,50,0,1,36,1.99,65,50,0.0,1
68,125,70,36,0,1,36,4.46,65,100,1.1,69,125,68,35,0,0,34,3.05,64,100,1.5,0
74,155,74,61,0,2,33,6.41,30,100,0.0,72,170,74,70,0,1,32,6.26,39,100,0.0,0
